system,task,model,precision,input_tokens,output_tokens,batch,concurrency,requests,runs,data_source,p50_ms,p95_ms,p99_ms,p99_9_ms,max_ms,alpha,beta,predicted_ms,read_bw_gbps,write_bw_gbps,queue_ms,throughput_tps,prefetch_hits,prefetch_misses,bytes_read,bytes_written,node_energy_j,gpu_energy_j,tokens,mae_ms,rmse_ms,prefetch_hit_rate,energy_per_request_j,edp_j_ms,energy_per_token_j
default,continuation,gpt-j-6b,fp16,128,1,1,1,100,5,actual_test_variant_0829,15.361249999999998,17.664830000000002,19.267008000000004,19.695400800000005,19.743,0.6027,0.6479,15.482631000000003,4.999,2.492,4.628,65.04609092,7800,2200,68132742700,6664346800,851.9739,521.6533,100,0.13681100000000002,0.1601763793447711,0.78,8.519739,130.87384071374998,8.519739
default,continuation,llama3-8b,fp16,128,1,1,1,100,5,actual_test_variant_0829,21.09095,24.170505000000002,25.772108,26.057940800000004,26.0897,0.6421,0.6912,21.132368999999997,4.631,2.544,4.665,47.64391887,8000,2000,90131605300,9699323600,1170.4675,713.6934,100,0.17934299999999986,0.2069468605705337,0.8,11.704675,246.86271519125,11.704675
default,continuation,llama4-17b,fp16,128,1,1,1,100,5,actual_test_variant_0829,31.956,36.07667,37.130547000000014,38.56924470000002,38.7291,0.7356,0.7451,32.045379,4.967,2.662,4.333,31.38648713,7800,2200,206169170200,19777829100,1820.7373,1259.623,100,0.2969899999999993,0.3474893866005114,0.78,18.207373,581.834811588,18.207373
default,continuation,mixtral-8x7b,fp16,128,1,1,1,100,5,actual_test_variant_0829,46.1934,50.505539999999996,52.539822000000015,55.09895220000003,55.3833,1.1264,1.0869,45.97844599999999,4.554,2.461,4.761,21.798868510000002,7200,2800,526425604000,50809559400,2635.4577,1866.8986,100,0.41711700000000035,0.47305561565211374,0.72,26.354577,1217.4075171917998,26.354577
default,continuation,vit-h14,fp16,0,1,1,1,100,5,actual_test_variant_0829,5.83445,6.763685,7.168598000000003,7.676289800000006,7.7327,0.5743,0.6117,5.878518999999999,5.105,2.365,4.802,171.62825012,7300,2700,28773944000,2799422800,314.7389,192.7361,100,0.05070499999999998,0.05935991324117647,0.73,3.147389,18.36328375105,3.147389
default,generation,gpt-j-6b,fp16,128,64,1,1,100,5,actual_test_variant_0829,2878.8945999999996,3295.0967549999996,3371.141866,3396.8709166000003,3399.7297,0.6273,0.6276,2904.836807999999,4.386,2.414,4.906,22.12846024,7300,2700,44969590300,10183791800,153478.7959,96177.6486,6400,25.676708999999974,29.90496938663036,0.73,1534.787959,4418492.767310121,23.981061859375
default,generation,llama3-8b,fp16,128,64,1,1,100,5,actual_test_variant_0829,3248.1278,3707.103155,3860.8499140000004,3920.191761400001,3926.7853,0.6741,0.6816,3290.8183329999993,5.119,2.459,4.84,19.58350324,7400,2600,60222518700,13211508800,181545.409,117031.6409,6400,28.874717999999987,32.86913338796748,0.74,1815.4540900000002,5896826.899352703,28.366470156250003
default,generation,llama4-17b,fp16,128,64,1,1,100,5,actual_test_variant_0829,5525.65695,6520.017115,6885.865038000003,7347.522253800005,7398.8175,0.7807,0.7413,5580.321762,4.745,2.626,5.362,11.56407583,7800,2200,128594489300,29029124000,311895.0851,218973.9803,6400,45.112809999999925,52.81705855698694,0.78,3118.950851,17234252.446536563,48.733607046875
default,generation,mixtral-8x7b,fp16,128,64,1,1,100,5,actual_test_variant_0829,8701.5454,9919.34591,10287.938552000003,10908.293025200006,10977.2213,1.0718,1.1006,8692.579593,4.73,2.4,5.145,7.40827603,7400,2600,345387951900,73738159600,506394.2787,347032.3543,6400,80.687609,92.33481607907986,0.74,5063.942787,44064128.06408303,79.124106046875
default,generation,vit-h14,fp16,0,0,1,1,100,5,actual_test_variant_0829,979.8534999999999,1087.222225,1146.1272820000004,1208.6560582000006,1215.6037,0.5817,0.5902,976.2454530000001,4.717,2.312,4.311,1.03144031,7300,2700,19128587200,4323672100,50328.1987,33398.6083,100,8.351399999999988,9.75974526221867,0.73,503.281987,493142.6164489045,503.281987
default,scoring,gpt-j-6b,fp16,128,64,1,1,100,5,actual_test_variant_0829,155.36885,176.85273,178.325849,179.8894649,180.0632,0.6171,0.6289,155.37661699999998,4.601,2.647,4.498,413.04201246,7900,2100,71439924800,6702604200,8322.0391,5285.5152,6400,1.2768820000000012,1.4817493393958372,0.79,83.220391,12929.856446220352,1.300318609375
default,scoring,llama3-8b,fp16,128,64,1,1,100,5,actual_test_variant_0829,201.40345,235.49952,253.1639510000001,269.2599551000002,271.0484,0.6439,0.6954,201.55552099999997,4.985,2.604,4.743,319.91525662,8000,2000,98660762100,9226289900,10709.7345,7289.9528,6400,1.7341069999999983,2.0006516592600505,0.8,107.097345,21569.77476884025,1.673396015625
default,scoring,llama4-17b,fp16,128,64,1,1,100,5,actual_test_variant_0829,311.9502,353.1002,375.48972800000007,385.04374280000013,386.1053,0.7609,0.7468,312.901634,4.345,2.332,5.016,205.60579612,7800,2200,197283053500,20316245200,17234.2501,11755.4515,6400,2.8092370000000026,3.2318559390696886,0.78,172.342501,53762.2776554502,2.692851578125
default,scoring,mixtral-8x7b,fp16,128,64,1,1,100,5,actual_test_variant_0829,410.88485000000003,474.42502,481.95904700000006,490.1604347000001,491.0717,1.0708,1.107,411.17517100000003,4.392,2.75,5.332,156.86373344,7900,2100,539734813400,54193794500,23693.8851,16446.2321,6400,3.412129000000002,4.009003836603305,0.79,236.938851,97354.58425230735,3.702169546875
default,scoring,vit-h14,fp16,0,0,1,1,100,5,actual_test_variant_0829,110.6687,127.34138,131.25842,132.079922,132.1712,0.5588,0.5996,111.31038099999999,4.524,2.402,5.701,9.03271362,7900,2100,28189948700,3008100100,5927.0695,3640.2821,100,0.9636539999999991,1.1273085667198657,0.79,59.270694999999996,6559.4107637464995,59.270694999999996
default,ttft,gpt-j-6b,fp16,128,1,1,1,100,5,actual_test_variant_0829,358.6761,407.660845,440.3340830000001,458.1882083000002,460.172,0.6101,0.6619,357.9494159999999,4.366,2.365,5.622,2.80821935,7200,2800,68260442800,6827728400,18754.6713,11849.1249,100,3.1745920000000014,3.7183112793578768,0.72,187.546713,67268.52358665931,187.546713
default,ttft,llama3-8b,fp16,128,1,1,1,100,5,actual_test_variant_0829,508.98105,574.2379450000001,589.0902570000001,589.3091757,589.3335,0.6618,0.6716,507.7738310000001,5.079,2.496,4.915,1.9778799,7300,2700,91196390700,9899003100,26548.3464,18232.6404,100,4.951104000000006,5.601081940000525,0.73,265.48346399999997,135126.0522643572,265.48346399999997
default,ttft,llama4-17b,fp16,128,1,1,1,100,5,actual_test_variant_0829,871.617,980.403825,1003.6719370000001,1011.5338537000001,1012.4074,0.7824,0.7977,878.5126089999999,4.787,2.729,4.915,1.14308833,7800,2200,195984841400,20013159400,48649.5216,32972.0889,100,8.920452000000001,10.059621915589075,0.78,486.495216,424037.50068427203,486.495216
default,ttft,mixtral-8x7b,fp16,128,1,1,1,100,5,actual_test_variant_0829,1309.7871,1495.4858399999998,1589.6062150000005,1689.283721500001,1700.359,1.0921,1.0918,1312.3147060000001,4.847,2.315,5.226,0.76655567,7300,2700,502613657900,56807197500,78503.4974,55829.2663,100,11.177386999999987,13.015089877749583,0.73,785.0349739999999,1028228.6819940353,785.0349739999999
default,ttft,vit-h14,fp16,0,1,1,1,100,5,actual_test_variant_0829,267.9479,308.978955,316.131845,319.12070450000004,319.4528,0.5848,0.6115,271.970411,5.131,2.632,5.06,3.70485293,7400,2600,29685270500,2819316200,13796.651,9266.987,100,2.517867,2.882495319007475,0.74,137.96651,36967.836624829004,137.96651
flexgen,continuation,gpt-j-6b,fp16,128,1,1,1,100,5,actual_test_variant_0829,16.42285,18.67876,19.647689999999997,19.700259,19.7061,0.6149,0.6239,16.653689,4.734,2.82,4.334,60.42629841,7600,2500,67010943500,6917935400,847.4458,523.0419,100,0.14729199999999995,0.1696276858298786,0.7524752475247525,8.474458,139.1747525653,8.474458
flexgen,continuation,llama3-8b,fp16,128,1,1,1,100,5,actual_test_variant_0829,16.42925,18.65504,19.303176,19.586157600000003,19.6176,0.6312,0.636,16.436415999999998,4.731,2.643,5.026,61.27513268,7600,2500,91259952800,8547595000,882.6389,536.3058,100,0.148761,0.16690478453297855,0.7524752475247525,8.826389,145.01095147825,8.826389
flexgen,continuation,llama4-17b,fp16,128,1,1,1,100,5,actual_test_variant_0829,30.46815,34.217324999999995,36.864995,38.022849500000014,38.1515,0.7544,0.7626,30.567499,4.822,2.515,4.658,32.92657351,8400,1700,200644950700,19712815300,1620.5045,1061.1071,100,0.2749470000000002,0.32156683271133574,0.8316831683168316,16.205045,493.73774181675,16.205045
flexgen,continuation,mixtral-8x7b,fp16,128,1,1,1,100,5,actual_test_variant_0829,42.900800000000004,48.414379999999994,53.238831000000005,54.53354310000002,54.6774,1.1521,1.0796,43.083354,5.255,2.434,5.092,23.36654711,7600,2500,541815138400,52555512500,2369.3828,1670.3795,100,0.39313999999999993,0.4532007005731565,0.7524752475247525,23.693828,1016.4841762624001,23.693828
flexgen,continuation,vit-h14,fp16,0,1,1,1,100,5,actual_test_variant_0829,6.6136,7.301915,7.627643,7.720574300000001,7.7309,0.5765,0.5734,6.511646,5.037,2.611,4.353,154.35183253,7700,2400,29402651400,2711605900,330.4223,212.3376,100,0.05947400000000003,0.06834521929147648,0.7623762376237624,3.304223,21.8528092328,3.304223
flexgen,generation,gpt-j-6b,fp16,128,64,1,1,100,5,actual_test_variant_0829,2408.1222,2685.288175,2797.3268000000003,2857.273280000001,2863.934,0.634,0.6222,2409.8102879999997,4.616,2.675,4.106,26.66851212,8400,1700,44514580200,9591651300,123406.5488,76818.7812,6400,20.978172999999973,24.67171994885034,0.8316831683168316,1234.065488,2971780.497906633,19.28227325
flexgen,generation,llama3-8b,fp16,128,64,1,1,100,5,actual_test_variant_0829,3136.67475,3466.493255,3784.0416680000008,3932.176476800002,3948.6359,0.6445,0.6467,3138.9393389999996,5.306,2.512,4.108,20.53971167,8300,1800,55551170700,13575703600,162530.4506,100918.8409,6400,28.069831000000026,31.79453060701324,0.8217821782178217,1625.3045060000002,5098051.605031424,25.395382906250003
flexgen,generation,llama4-17b,fp16,128,64,1,1,100,5,actual_test_variant_0829,4388.3253,4902.413699999999,5175.684409000001,5275.352470900001,5286.4267,0.774,0.7453,4381.190449999999,4.761,2.607,3.797,14.7054421,8200,1900,121689775600,27527284100,232002.535,161947.7131,6400,35.627381000000014,43.0878488589939,0.8118811881188119,2320.02535,10181025.940046355,36.25039609375
flexgen,generation,mixtral-8x7b,fp16,128,64,1,1,100,5,actual_test_variant_0829,7121.725850000001,8238.01829,8409.561324,8446.5756024,8450.6883,1.0991,1.0552,7116.9573820000005,4.83,2.608,4.742,9.04407162,7700,2400,326452401100,68189688300,389135.5125,285746.9691,6400,58.979492999999984,68.90516782052778,0.7623762376237624,3891.355125,27713164.385242485,60.802423828125
flexgen,generation,vit-h14,fp16,0,0,1,1,100,5,actual_test_variant_0829,883.1001,1008.967745,1056.714359,1058.5283459,1058.7299,0.5622,0.6003,890.026707,4.962,2.449,5.08,1.12993299,8400,1700,18035728300,3732397600,43983.8081,27432.0381,100,8.129804999999987,9.304231861067297,0.8316831683168316,439.83808100000005,388421.0533149081,439.83808100000005
flexgen,scoring,gpt-j-6b,fp16,128,64,1,1,100,5,actual_test_variant_0829,137.65465,155.496015,164.97417900000002,168.08189790000003,168.4272,0.6486,0.6552,138.52356600000002,4.824,2.622,4.584,465.05516646,7700,2400,71756459600,7254112200,7359.0461,4441.1169,6400,1.1284910000000015,1.3417015707302438,0.7623762376237624,73.59046099999999,10130.069152293649,1.1498509531249999
flexgen,scoring,llama3-8b,fp16,128,64,1,1,100,5,actual_test_variant_0829,148.56869999999998,171.70311,177.04389400000002,182.81703940000006,183.4585,0.6587,0.6809,149.365,5.082,2.581,5.083,431.88422542,8200,1900,86570899200,9236507500,7669.7461,5035.1394,6400,1.2848950000000008,1.5454154108523714,0.8118811881188119,76.697461,11394.842074070699,1.198397828125
flexgen,scoring,llama4-17b,fp16,128,64,1,1,100,5,actual_test_variant_0829,290.6395,328.012535,337.87773400000015,361.4477134000003,364.0666,0.7339,0.7751,291.482997,5.372,2.531,4.492,220.96045831,7800,2300,204290849400,20340968700,15203.0181,10633.5507,6400,2.7424890000000017,3.1677978608332964,0.7722772277227723,152.030181,44185.9757907495,2.375471578125
flexgen,scoring,mixtral-8x7b,fp16,128,64,1,1,100,5,actual_test_variant_0829,455.58619999999996,522.407545,538.8853480000001,565.6730848000003,568.6495,1.149,1.0913,454.51759500000003,5.405,2.518,5.011,142.36134146,8200,1900,482771094100,48741295300,26705.9607,18498.490999999998,6400,3.9172789999999957,4.58098203444414,0.8118811881188119,267.05960699999997,121668.67152662338,4.1728063593749996
flexgen,scoring,vit-h14,fp16,0,0,1,1,100,5,actual_test_variant_0829,97.37950000000001,116.35659,117.55864100000002,122.05293410000006,122.5523,0.5979,0.6001,98.01964500000003,5.208,2.747,4.073,10.29134676,7600,2500,27888722700,2895404500,4821.391,3015.6371,100,0.865245,1.0214682792431689,0.7524752475247525,48.21391,4695.046448845,48.21391
flexgen,ttft,gpt-j-6b,fp16,128,1,1,1,100,5,actual_test_variant_0829,395.4873,453.387535,461.143729,461.1552229,461.1565,0.6301,0.6466,393.560591,5.115,2.849,4.365,2.55644058,8400,1700,68466321200,6601227500,19712.6937,12410.2842,100,3.7481869999999993,4.28366129883071,0.8316831683168316,197.126937,77961.2000714001,197.126937
flexgen,ttft,llama3-8b,fp16,128,1,1,1,100,5,actual_test_variant_0829,470.0273,524.838075,540.417903,545.8087203,546.4077,0.6614,0.6736,465.035377,4.638,2.504,4.307,2.16278164,8300,1800,94335865800,9448136300,23533.5358,15281.7387,100,3.874474000000003,4.477775585533516,0.8217821782178217,235.335358,110614.04291527341,235.335358
flexgen,ttft,llama4-17b,fp16,128,1,1,1,100,5,actual_test_variant_0829,792.83825,914.03976,957.7760070000002,979.7486907000003,982.1901,0.7609,0.7273,800.5358780000001,4.948,2.538,4.759,1.25567523,8300,1800,184035343900,18547140200,44339.7611,29176.7986,100,8.075916999999997,9.023775725121936,0.8217821782178217,443.39761100000004,351542.5859594208,443.39761100000004
flexgen,ttft,mixtral-8x7b,fp16,128,1,1,1,100,5,actual_test_variant_0829,1105.2065499999999,1238.457475,1345.5885970000002,1371.9351997000003,1374.8626,1.123,1.0311,1113.519883,5.32,2.842,4.983,0.90366449,8300,1800,503937387500,48545569800,60594.0114,42917.0141,100,10.317756,11.71597236466526,0.8217821782178217,605.940114,669688.9829005466,605.940114
flexgen,ttft,vit-h14,fp16,0,1,1,1,100,5,actual_test_variant_0829,281.58925,313.651295,327.95012800000006,347.2249528000002,349.3666,0.5832,0.6113,278.48384400000003,4.866,2.474,4.255,3.61345488,7600,2500,26891529100,2685567300,13777.5027,8954.5947,100,2.6251679999999977,3.0322961260074837,0.7524752475247525,137.775027,38795.96652165975,137.775027
neo,continuation,gpt-j-6b,fp16,128,1,1,1,100,5,actual_test_variant_0829,14.0151,15.590649999999998,16.557969000000003,16.893786900000006,16.9311,0.6261,0.6118,14.031569999999999,5.637,2.707,3.205,71.7555254,8700,1500,64431219200,6449406100,697.9293,429.7156,100,0.12044700000000008,0.14420595861475355,0.8529411764705882,6.979293,97.8154893243,6.979293
neo,continuation,llama3-8b,fp16,128,1,1,1,100,5,actual_test_variant_0829,16.596,18.569285,19.168120000000005,20.16782200000001,20.2789,0.6251,0.6412,16.678259999999998,5.074,2.899,4.038,60.40896804,8900,1300,84415988000,9029805400,809.9433,539.6446,100,0.156443,0.1754982982823481,0.8725490196078431,8.099433,134.418190068,8.099433
neo,continuation,llama4-17b,fp16,128,1,1,1,100,5,actual_test_variant_0829,26.588,31.198365,32.104887,32.53140870000001,32.5788,0.7892,0.7632,26.764825000000002,4.903,3.052,3.13,37.59479241,8300,1900,186453332400,19062280300,1404.7246,903.6074,100,0.22833799999999985,0.269916191437268,0.8137254901960784,14.047246,373.488176648,14.047246
neo,continuation,mixtral-8x7b,fp16,128,1,1,1,100,5,actual_test_variant_0829,41.581100000000006,49.28835,50.116506,50.544720600000005,50.5923,1.1082,1.0544,42.331405999999994,5.29,3.051,4.101,23.81916584,8700,1500,449843929500,44995086900,2245.9816,1648.821,100,0.37711099999999964,0.44203227291680836,0.8529411764705882,22.459816,933.9038550776002,22.459816
neo,continuation,vit-h14,fp16,0,1,1,1,100,5,actual_test_variant_0829,5.1676,5.8378950000000005,5.938043,5.9507843000000005,5.9522,0.5668,0.5684,5.162495,4.898,2.802,4.069,194.78540106,8700,1500,27291242300,2645408900,245.9697,159.7949,100,0.05068199999999998,0.05766422461110526,0.8529411764705882,2.459697,12.7107302172,2.459697
neo,generation,gpt-j-6b,fp16,128,64,1,1,100,5,actual_test_variant_0829,1942.15315,2223.66826,2268.1067370000005,2349.7256337000013,2358.7944,0.6347,0.6179,1942.531679,5.641,3.016,3.967,33.17412147,8900,1300,43306284100,8734594100,93520.3467,59586.4735,6400,16.946822000000008,20.018238428777902,0.8725490196078431,935.2034669999999,1816308.359324971,14.612554171874999
neo,generation,llama3-8b,fp16,128,64,1,1,100,5,actual_test_variant_0829,2648.204,2998.4132099999997,3183.466309,3189.2586109,3189.9022,0.6277,0.6396,2675.823835,5.499,2.95,3.885,24.04898284,8300,1900,53334837900,12099675700,135319.794,85200.6734,6400,22.153679000000007,26.158988926311743,0.8137254901960784,1353.19794,3583544.1974997604,21.1437178125
neo,generation,llama4-17b,fp16,128,64,1,1,100,5,actual_test_variant_0829,4923.75695,5547.8072250000005,6264.258564,6337.468826400001,6345.6033,0.786,0.7107,4944.139930000001,5.067,3.06,3.955,13.04833289,8700,1500,108102242200,26247288300,251310.2481,175616.6955,6400,45.27851400000008,51.89228282043686,0.8529411764705882,2513.102481,12373905.806885993,39.267226265625
neo,generation,mixtral-8x7b,fp16,128,64,1,1,100,5,actual_test_variant_0829,6920.940350000001,7879.43103,8132.205728000001,8325.608682800002,8347.0979,1.1447,1.0535,6946.9584030000005,5.312,2.654,3.429,9.28128772,8300,1900,301258326200,71188651500,366382.3875,268802.9245,6400,64.56548799999999,74.12073622781952,0.8137254901960784,3663.823875,25357106.49178086,57.247248046875
neo,generation,vit-h14,fp16,0,0,1,1,100,5,actual_test_variant_0829,790.3787500000001,897.98205,957.290874,978.3517974000002,980.6919,0.5632,0.5695,796.36395,5.149,2.872,3.509,1.26285682,8100,2100,16246907100,3749120200,37204.6986,24801.1742,100,7.527465000000007,8.684086393035257,0.7941176470588235,372.04698600000006,294058.0317359476,372.04698600000006
neo,scoring,gpt-j-6b,fp16,128,64,1,1,100,5,actual_test_variant_0829,120.67415,135.88309999999998,139.66784300000006,149.1340943000001,150.1859,0.6189,0.6267,120.99026200000002,5.324,3.012,3.254,531.12480537,8900,1300,60011092300,6576333300,6133.7947,3928.762,6400,1.178025000000001,1.3293669905259424,0.8725490196078431,61.33794700000001,7401.9046169700505,0.9584054218750001
neo,scoring,llama3-8b,fp16,128,64,1,1,100,5,actual_test_variant_0829,169.69004999999999,192.64774999999997,201.779772,203.08704720000003,203.2323,0.6701,0.613,170.113559,5.149,2.942,3.773,378.18134898,8800,1400,81726439300,8000482800,8614.5425,5549.5479,6400,1.5426640000000003,1.7926603000010912,0.8627450980392157,86.14542499999999,14618.021475521247,1.3460222656249998
neo,scoring,llama4-17b,fp16,128,64,1,1,100,5,actual_test_variant_0829,232.99054999999998,258.82304500000004,265.3888020000001,287.7619902000003,290.2479,0.788,0.7615,231.827776,5.244,2.976,3.509,277.14265705,8700,1500,171425643700,19158607500,12354.9985,8067.0674,6400,1.982583000000001,2.2921834236160086,0.8529411764705882,123.54998499999999,28785.978957641746,1.9304685156249999
neo,scoring,mixtral-8x7b,fp16,128,64,1,1,100,5,actual_test_variant_0829,340.8397,388.41495,418.234117,419.0375317,419.1268,1.0991,1.0639,340.877552,5.24,2.787,3.893,189.24199881,8100,2100,488266058200,48775450400,18207.7012,12575.194,6400,3.05675,3.5053311550265835,0.7941176470588235,182.077012,62059.074146976396,2.8449533125
neo,scoring,vit-h14,fp16,0,0,1,1,100,5,actual_test_variant_0829,83.4246,93.933695,95.760839,95.8177739,95.8241,0.5683,0.5916,84.00090700000001,5.797,2.773,3.014,11.92548701,8900,1300,27742480900,2632188600,4060.967,2491.7748,100,0.7225959999999997,0.85719090102497,0.8725490196078431,40.60967,3387.845475882,40.60967
neo,ttft,gpt-j-6b,fp16,128,1,1,1,100,5,actual_test_variant_0829,337.09495000000004,376.39969999999994,394.93938,399.09856800000006,399.5607,0.6369,0.6297,336.70041599999996,5.262,2.859,3.229,2.9905729,8900,1300,63732201100,6081565600,16437.5505,10417.1234,100,3.0958959999999984,3.517822828369841,0.8725490196078431,164.375505,55410.15263919976,164.375505
neo,ttft,llama3-8b,fp16,128,1,1,1,100,5,actual_test_variant_0829,384.09245,438.968555,473.1166700000001,483.82381700000013,485.0135,0.6398,0.6391,388.15165499999995,5.829,2.992,3.397,2.59384159,8300,1900,83832339000,8626370800,19151.1094,12730.631,100,3.5098939999999974,4.0691067060474095,0.8137254901960784,191.511094,73557.96529664031,191.511094
neo,ttft,llama4-17b,fp16,128,1,1,1,100,5,actual_test_variant_0829,745.1305500000001,838.3176749999999,921.7681100000001,942.8589710000002,945.2024,0.7356,0.7442,754.6440310000002,5.699,3.061,3.337,1.3371265,8300,1900,174539392100,17522089400,40215.1626,25191.4782,100,6.659608000000002,7.915081473465708,0.8137254901960784,402.151626,299655.46226477437,402.151626
neo,ttft,mixtral-8x7b,fp16,128,1,1,1,100,5,actual_test_variant_0829,925.9181,1047.2106899999999,1087.545207,1087.7507607,1087.7736,1.1517,1.0565,925.477502,4.973,2.859,3.292,1.08862699,8200,2000,501940725100,50555603200,48964.0105,36281.6524,100,7.659803999999998,8.910927612476716,0.803921568627451,489.64010499999995,453366.63570540043,489.64010499999995
neo,ttft,vit-h14,fp16,0,1,1,1,100,5,actual_test_variant_0829,253.00545,291.9602,308.30478600000004,317.3382786000001,318.342,0.56,0.5893,251.183419,5.654,2.85,4.124,4.01219395,8900,1300,27511371400,2711035000,12199.537,7383.3138,100,2.2560809999999996,2.571094728651592,0.8725490196078431,121.99537000000001,30865.493484766503,121.99537000000001
ramses,continuation,gpt-j-6b,fp16,128,1,1,1,100,5,actual_test_variant_0829,11.79215,13.09801,13.628665000000002,13.910666500000003,13.942,0.6339,0.5725,11.767496000000001,6.156,3.386,1.603,85.46135586,9300,1100,53591957000,5750243800,546.6381,357.6765,100,0.09555599999999995,0.11237582480231227,0.8942307692307693,5.466381,64.46038470915,5.466381
ramses,continuation,llama3-8b,fp16,128,1,1,1,100,5,actual_test_variant_0829,14.01215,15.812339999999999,16.345756,16.849705600000007,16.9057,0.6462,0.5888,13.993647999999999,5.951,3.108,1.225,71.8968829,9900,500,70648809200,7276372600,662.4881,418.0914,100,0.12282699999999996,0.14425998648273886,0.9519230769230769,6.624881,92.82882630415,6.624881
ramses,continuation,llama4-17b,fp16,128,1,1,1,100,5,actual_test_variant_0829,21.098100000000002,24.470785,25.514203,25.514470300000003,25.5145,0.7777,0.6976,21.286577,5.785,3.424,1.605,47.38588876,9900,500,146741791000,15422768800,1022.4377,696.861,100,0.18887800000000002,0.21579306012937496,0.9519230769230769,10.224376999999999,215.7149283837,10.224376999999999
ramses,continuation,mixtral-8x7b,fp16,128,1,1,1,100,5,actual_test_variant_0829,30.6892,34.67139,37.20755100000001,38.16546510000001,38.2719,1.0981,0.9916,30.745225,6.395,3.434,1.547,32.66676636,9900,500,387334455300,42307339300,1588.7919,1068.9182,100,0.282894,0.3220549446911194,0.9519230769230769,15.887919,487.5875237748,15.887919
ramses,continuation,vit-h14,fp16,0,1,1,1,100,5,actual_test_variant_0829,4.534800000000001,5.06598,5.1400369999999995,5.1433337,5.1437,0.5965,0.5198,4.550314,6.023,3.215,1.592,221.03233236,9300,1100,22411221600,2209659000,208.7906,133.2646,100,0.04137799999999994,0.04824921139251907,0.8942307692307693,2.0879060000000003,9.468236128800003,2.0879060000000003
ramses,generation,gpt-j-6b,fp16,128,64,1,1,100,5,actual_test_variant_0829,1760.6316,2006.092845,2091.2512220000003,2107.5584822,2109.3704,0.6398,0.5633,1749.4760070000002,6.652,3.124,1.468,36.92963817,9500,900,35726196400,7444588700,78877.4354,50595.3064,6400,15.837694999999995,18.240525542190383,0.9134615384615384,788.774354,1388741.0529219864,12.32459928125
ramses,generation,llama3-8b,fp16,128,64,1,1,100,5,actual_test_variant_0829,2049.2358,2384.30245,2559.130242,2603.7730842000005,2608.7334,0.6569,0.5975,2060.547635,6.358,3.069,1.585,31.21091641,10000,400,47800681500,10256911800,93659.0783,62759.2981,6400,20.21662699999998,22.916827845849422,0.9615384615384616,936.590783,1919295.3624736313,14.634230984375
ramses,generation,llama4-17b,fp16,128,64,1,1,100,5,actual_test_variant_0829,3449.40425,3835.352035,4030.967514,4076.3741214000006,4081.4193,0.7804,0.7079,3460.1127779999997,5.756,3.246,1.38,18.6361839,9900,500,100776873300,22747258600,166219.7377,108896.0588,6400,29.61086099999997,35.77136380539745,0.9519230769230769,1662.197377,5733590.6965626525,25.971834015625
ramses,generation,mixtral-8x7b,fp16,128,64,1,1,100,5,actual_test_variant_0829,4898.2324,5567.517220000001,5977.8492080000005,6021.2238008,6026.0432,1.1087,0.9632,4901.6424369999995,6.562,3.085,1.595,13.14942033,9500,900,257949030800,60059283500,255436.1344,180732.6616,6400,44.03203100000002,51.424372007927346,0.9134615384615384,2554.361344,12511855.496488346,39.911896
ramses,generation,vit-h14,fp16,0,0,1,1,100,5,actual_test_variant_0829,651.28805,752.19333,780.278187,782.3441487,782.5737,0.584,0.5277,657.0546650000001,6.431,3.463,1.508,1.5333443,10000,400,14478569000,3108707000,30811.9715,19316.1178,100,5.352636000000006,6.412379178245784,0.9615384615384616,308.119715,200674.68834890574,308.119715
ramses,scoring,gpt-j-6b,fp16,128,64,1,1,100,5,actual_test_variant_0829,85.27765,97.28053,102.65690200000003,107.05862020000006,107.5477,0.6186,0.5534,86.17227100000002,6.65,3.062,1.304,748.77210758,9900,500,51235445700,5600968000,3865.3731,2486.241,6400,0.787347,0.8911407852298094,0.9519230769230769,38.653731,3296.29934341215,0.603964546875
ramses,scoring,llama3-8b,fp16,128,64,1,1,100,5,actual_test_variant_0829,113.40684999999999,127.27055,132.59153,134.93753300000003,135.1982,0.6657,0.5778,113.20513199999999,6.092,3.398,1.413,570.18428918,10000,400,67920309200,7667944500,5427.3903,3388.1427,6400,1.0173120000000009,1.1773710669962985,0.9615384615384616,54.273903,6155.032376435549,0.848029734375
ramses,scoring,llama4-17b,fp16,128,64,1,1,100,5,actual_test_variant_0829,198.2772,225.00593999999998,229.21877700000005,236.4872877000001,237.2949,0.7834,0.6831,199.040687,6.747,3.529,1.577,323.87868999,9500,900,157847324700,16191163500,9596.4499,6611.5721,6400,1.828288,2.0893662652584397,0.9134615384615384,95.96449899999999,19027.572161122796,1.4994452968749998
ramses,scoring,mixtral-8x7b,fp16,128,64,1,1,100,5,actual_test_variant_0829,320.9175,369.512055,387.9351030000001,402.2893803000002,403.8843,1.1137,0.9805,323.289209,6.473,3.283,1.401,199.05115376,9400,1000,383232548000,40414610300,17221.4677,11719.3029,6400,3.0553039999999982,3.5421570615092715,0.9038461538461539,172.21467700000002,55266.70360614751,2.6908543281250004
ramses,scoring,vit-h14,fp16,0,0,1,1,100,5,actual_test_variant_0829,75.07525,84.452515,89.663657,90.0964157,90.1445,0.6004,0.5266,75.35065399999999,6.662,3.049,1.278,13.33394484,9500,900,22966965100,2300978400,3492.3386,2212.6373,100,0.678236000000001,0.7952687860088574,0.9134615384615384,34.923386,2621.8819347965,34.923386
ramses,ttft,gpt-j-6b,fp16,128,1,1,1,100,5,actual_test_variant_0829,293.3506,330.465575,340.773755,341.3310755,341.393,0.6076,0.5485,292.78374399999996,5.689,3.346,1.644,3.43284941,9500,900,51435759800,5756495700,13130.1024,8418.0785,100,2.5376140000000005,2.969237295367279,0.9134615384615384,131.30102399999998,38517.234171014396,131.30102399999998
ramses,ttft,llama3-8b,fp16,128,1,1,1,100,5,actual_test_variant_0829,295.3773,346.07426499999997,363.679386,367.82128860000006,368.2815,0.6572,0.5821,296.912693,5.759,3.034,1.406,3.39847785,10100,300,68379439400,7338510300,14154.884,9280.6331,100,2.553838000000001,2.96110031110059,0.9711538461538461,141.54884,41810.314177332,141.54884
ramses,ttft,llama4-17b,fp16,128,1,1,1,100,5,actual_test_variant_0829,562.9976,624.88474,671.3743780000001,686.5194178000002,688.2022,0.7378,0.6629,564.23333,6.052,3.02,1.381,1.78219406,10000,400,160160949700,14612559300,27821.4996,18796.0436,100,5.095528999999994,5.853839350315311,0.9615384615384616,278.214996,156634.37503200962,278.214996
ramses,ttft,mixtral-8x7b,fp16,128,1,1,1,100,5,actual_test_variant_0829,913.637,1025.4672850000002,1062.4694089999998,1065.1966709,1065.4997,1.1198,0.9948,910.120342,6.468,3.228,1.214,1.10592275,9500,900,381003589500,38015015900,47745.7664,32151.7337,100,8.188548000000004,9.303070771524858,0.9134615384615384,477.457664,436222.987763968,477.457664
ramses,ttft,vit-h14,fp16,0,1,1,1,100,5,actual_test_variant_0829,160.0408,183.07086999999999,187.32091900000003,195.0475819000001,195.9061,0.5875,0.5234,161.16692999999998,6.186,3.33,1.649,6.25252724,10100,300,22284598100,2324213500,7542.7221,4566.0648,100,1.5034410000000002,1.741108896680504,0.9711538461538461,75.427221,12071.4327906168,75.427221
ramses_policy_off,continuation,gpt-j-6b,fp16,128,1,1,1,100,5,actual_test_variant_0829,13.1481,14.682405000000001,15.543855,15.664585500000003,15.678,0.6473,0.5671,13.173293999999997,5.803,3.24,2.569,76.31090359,8800,1500,59323609600,6085081200,611.342,389.9226,100,0.12516700000000008,0.14245874946804785,0.8543689320388349,6.11342,80.379857502,6.11342
ramses_policy_off,continuation,llama3-8b,fp16,128,1,1,1,100,5,actual_test_variant_0829,13.16915,15.262984999999999,15.729640999999999,15.7332941,15.7337,0.6739,0.5843,13.337753000000003,5.606,3.229,2.197,75.49760217,9000,1300,77610676700,7893817100,651.3257,424.9185,100,0.11671800000000003,0.1349539647435376,0.8737864077669902,6.513256999999999,85.77405842155,6.513256999999999
ramses_policy_off,continuation,llama4-17b,fp16,128,1,1,1,100,5,actual_test_variant_0829,27.181649999999998,32.132755,34.093007,34.2005507,34.2125,0.7899,0.7035,27.634152999999998,6.053,2.957,1.97,36.49969301,8800,1500,175022302200,16509010500,1353.9215,935.4138,100,0.2584949999999998,0.2993480180325233,0.8543689320388349,13.539214999999999,368.01820340474995,13.539214999999999
ramses_policy_off,continuation,mixtral-8x7b,fp16,128,1,1,1,100,5,actual_test_variant_0829,33.066100000000006,37.673645,39.98955200000002,42.640455200000034,42.935,1.1155,1.0467,33.36984,5.469,3.314,2.352,30.18732614,9500,800,413969701900,43897879700,1793.8999000000001,1248.845,100,0.2837970000000002,0.336372716045758,0.9223300970873787,17.938999000000003,593.1727348339002,17.938999000000003
ramses_policy_off,continuation,vit-h14,fp16,0,1,1,1,100,5,actual_test_variant_0829,5.04635,5.915665,6.212872000000001,6.2460172,6.2497,0.604,0.5484,5.090510999999999,5.826,2.9,2.325,197.81191379,9500,800,25856093900,2278820300,239.765,153.4842,100,0.049534,0.05650932135497651,0.9223300970873787,2.39765,12.0993810775,2.39765
ramses_policy_off,generation,gpt-j-6b,fp16,128,64,1,1,100,5,actual_test_variant_0829,1824.3007,2107.460255,2207.9229820000005,2307.3480682000013,2318.3953,0.6094,0.5701,1827.582472,6.311,3.242,2.599,35.2395531,9000,1300,34857180000,7937395500,83875.0654,56728.2243,6400,15.649536999999988,18.186993815666725,0.8737864077669902,838.750654,1530133.4052176578,13.10547896875
ramses_policy_off,generation,llama3-8b,fp16,128,64,1,1,100,5,actual_test_variant_0829,2125.0001,2392.751555,2548.678375000001,2661.5836675000014,2674.1287,0.6472,0.5937,2130.000309,5.557,3.226,2.668,30.23752859,8800,1500,50732725700,11592779800,97787.7001,66223.7078,6400,21.004205000000038,23.553875768087543,0.8543689320388349,977.8770010000001,2077988.7249127005,15.279328140625001
ramses_policy_off,generation,llama4-17b,fp16,128,64,1,1,100,5,actual_test_variant_0829,3908.34805,4389.478345,4608.702303000001,4797.8886003000025,4818.9093,0.7465,0.7267,3938.901299,5.55,3.017,2.079,16.34715359,8900,1400,100914882600,22163073400,194918.0271,127087.7281,6400,38.28967000000004,43.27056207777526,0.8640776699029126,1949.1802710000002,7618074.911261322,30.455941734375003
ramses_policy_off,generation,mixtral-8x7b,fp16,128,64,1,1,100,5,actual_test_variant_0829,5546.030000000001,6408.1830899999995,6649.754817,6667.6387017,6669.6258,1.1346,1.0127,5522.762517,5.543,2.878,2.266,11.66496515,9400,900,278630062100,62207853200,288083.6137,198934.6742,6400,50.623065,58.08042852216484,0.912621359223301,2880.836137,15977203.640886111,45.013064640625
ramses_policy_off,generation,vit-h14,fp16,0,0,1,1,100,5,actual_test_variant_0829,740.159,832.545715,865.1482860000002,887.4933186000003,889.9761,0.5674,0.5615,739.842668,6.322,3.054,2.013,1.35862548,9400,900,14647458400,3403879300,35510.311,21019.5663,100,6.8556810000000015,7.981917331074032,0.912621359223301,355.10311,262832.76279449003,355.10311
ramses_policy_off,scoring,gpt-j-6b,fp16,128,64,1,1,100,5,actual_test_variant_0829,105.0746,117.38237,124.03250200000004,129.81527020000007,130.4578,0.6061,0.5633,104.288305,5.414,3.122,2.052,618.39992985,8800,1500,59071121200,5905442900,4927.7129,3111.9288,6400,1.0698189999999987,1.1969126497368123,0.8543689320388349,49.277129,5177.7746188234005,0.769955140625
ramses_policy_off,scoring,llama3-8b,fp16,128,64,1,1,100,5,actual_test_variant_0829,148.00585,161.47101,168.060419,169.5500819,169.7156,0.6357,0.6266,147.052439,6.005,3.181,2.599,437.38421827,8900,1400,75225634200,7788962000,7052.2447,4350.5465,6400,1.3265049999999992,1.532615788611092,0.8640776699029126,70.522447,10437.73471231495,1.101913234375
ramses_policy_off,scoring,llama4-17b,fp16,128,64,1,1,100,5,actual_test_variant_0829,221.5609,256.02277,267.67070100000007,269.99630010000004,270.2547,0.7741,0.704,222.743713,5.99,3.149,2.558,288.90004958,9500,800,174443603000,15537961700,11529.5178,7620.6088,6400,2.2091409999999994,2.491328828296257,0.9223300970873787,115.29517799999999,25544.9034033402,1.8014871562499999
ramses_policy_off,scoring,mixtral-8x7b,fp16,128,64,1,1,100,5,actual_test_variant_0829,358.89639999999997,414.678955,435.96213600000004,447.2988636000001,448.5585,1.0993,1.0202,362.24115600000005,5.711,3.328,1.968,178.1245027,9400,900,422093925800,43664632500,19593.0464,13565.4902,6400,3.0796229999999984,3.6731705511587696,0.912621359223301,195.930464,70318.7381799296,3.0614135
ramses_policy_off,scoring,vit-h14,fp16,0,0,1,1,100,5,actual_test_variant_0829,72.05109999999999,83.16342,89.59278200000003,92.58493820000004,92.9174,0.6036,0.5281,72.92509700000001,6.251,3.313,1.975,13.79928309,9000,1300,23237959400,2461854600,3418.3311,2158.568,100,0.686771999999999,0.7758604517566277,0.8737864077669902,34.183310999999996,2462.9451591920993,34.183310999999996
ramses_policy_off,ttft,gpt-j-6b,fp16,128,1,1,1,100,5,actual_test_variant_0829,240.7045,272.549215,294.834498,296.01934980000004,296.151,0.6232,0.6023,241.162529,5.542,3.103,2.686,4.16800422,9000,1300,57389893200,5704574100,11461.9809,7155.7233,100,2.105349000000002,2.4679154510436554,0.8737864077669902,114.619809,27589.5038154405,114.619809
ramses_policy_off,ttft,llama3-8b,fp16,128,1,1,1,100,5,actual_test_variant_0829,317.6548,359.712875,375.39985900000005,379.45025590000006,379.9003,0.6372,0.6143,316.798671,5.519,2.897,2.692,3.17453558,9600,700,77878927300,7569951200,15120.9713,9891.8419,100,2.901392000000003,3.3178667850292025,0.9320388349514563,151.209713,48032.4911410724,151.209713
ramses_policy_off,ttft,llama4-17b,fp16,128,1,1,1,100,5,actual_test_variant_0829,649.14085,734.595745,824.835404,825.0585104,825.0833,0.7737,0.692,655.377834,5.744,3.078,2.71,1.53707104,9600,700,161162936200,16016030500,33808.8792,22530.7151,100,5.977069999999998,6.885461210710576,0.9320388349514563,338.088792,219467.2458143532,338.088792
ramses_policy_off,ttft,mixtral-8x7b,fp16,128,1,1,1,100,5,actual_test_variant_0829,863.0662,969.15491,1041.7922790000002,1073.3050779000002,1076.8065,1.1546,1.0335,861.2720720000001,6.242,3.165,2.048,1.17009519,9600,700,457448930300,44369765800,46050.4217,32718.6766,100,7.748797999999999,9.034327732355077,0.9320388349514563,460.504217,397445.6246501654,460.504217
ramses_policy_off,ttft,vit-h14,fp16,0,1,1,1,100,5,actual_test_variant_0829,211.39454999999998,242.96685000000002,249.24050400000002,252.47519040000003,252.8346,0.579,0.5427,212.010602,5.371,2.876,1.999,4.75007963,9500,800,24556471300,2506306500,9456.8125,6245.5553,100,1.9682920000000013,2.270906879993103,0.9223300970873787,94.568125,19991.186228718747,94.568125
specoffload,continuation,gpt-j-6b,fp16,128,1,1,1,100,5,actual_test_variant_0829,14.5398,16.78372,17.354587000000002,17.585088700000004,17.6107,0.6425,0.621,14.571331,5.862,2.711,2.856,69.18463907,9000,1300,59604422000,6177503300,691.777,441.5674,100,0.1391130000000001,0.1582253320426284,0.8737864077669902,6.917770000000001,100.582992246,6.917770000000001
specoffload,continuation,llama3-8b,fp16,128,1,1,1,100,5,actual_test_variant_0829,14.76915,16.536080000000002,17.804586000000008,18.658698600000008,18.7536,0.6551,0.618,14.734550000000002,5.547,2.842,3.211,68.19728393,9100,1200,80244403600,8872991700,725.2483,457.3321,100,0.1320420000000001,0.15350841801021878,0.883495145631068,7.252483,107.11300929945,7.252483
specoffload,continuation,llama4-17b,fp16,128,1,1,1,100,5,actual_test_variant_0829,28.48155,32.75504,34.26496600000001,34.885636600000005,34.9546,0.7586,0.7069,28.443606,5.177,2.852,3.249,35.43274277,9100,1200,170732145300,18561829700,1408.6858,1001.5196,100,0.24826100000000004,0.28889473394300563,0.883495145631068,14.086858,401.21555046989994,14.086858
specoffload,continuation,mixtral-8x7b,fp16,128,1,1,1,100,5,actual_test_variant_0829,42.01435,47.726655,50.378503,50.5213303,50.5372,1.1001,1.0585,41.93818100000001,5.125,2.774,2.803,24.06449133,9000,1300,486915329500,47049415700,2224.7383,1544.6963,100,0.39691099999999957,0.45336281971507075,0.8737864077669902,22.247383,934.7093359460499,22.247383
specoffload,continuation,vit-h14,fp16,0,1,1,1,100,5,actual_test_variant_0829,5.66275,6.443149999999999,6.855432,6.983023200000002,6.9972,0.5929,0.5776,5.711415000000001,5.868,3.106,3.44,176.01698276,8400,1900,27641148300,2497485800,264.446,168.8501,100,0.06104400000000003,0.06826119395381244,0.8155339805825242,2.6444600000000005,14.974915865000003,2.6444600000000005
specoffload,generation,gpt-j-6b,fp16,128,64,1,1,100,5,actual_test_variant_0829,2186.4967,2486.988205,2510.216376000001,2711.963367600002,2734.3797,0.627,0.6099,2188.6785499999996,5.126,2.759,2.835,29.37588594,8500,1800,42052567000,9119793600,109318.9053,67635.5707,6400,17.994310000000002,21.44943857361774,0.8252427184466019,1093.189053,2390254.2568606255,17.081078953125
specoffload,generation,llama3-8b,fp16,128,64,1,1,100,5,actual_test_variant_0829,2885.1403,3210.27254,3439.149449000001,3631.894934900002,3653.3111,0.6467,0.629,2917.029091,5.188,2.781,3.455,22.09820728,8900,1400,52619848000,11697337700,145468.0877,90463.9838,6400,25.48410399999999,29.38601182347138,0.8640776699029126,1454.680877,4196958.421872043,22.729388703125
specoffload,generation,llama4-17b,fp16,128,64,1,1,100,5,actual_test_variant_0829,4272.4376,4798.537545,4976.777052000001,5145.207415200002,5163.9219,0.7329,0.7076,4251.418624999999,5.434,3.002,3.059,15.13749134,8400,1900,119804127600,23775298700,223431.7363,143606.9251,6400,36.745567000000015,42.861622952435,0.8155339805825242,2234.317363,9545981.51201405,34.911208796875
specoffload,generation,mixtral-8x7b,fp16,128,64,1,1,100,5,actual_test_variant_0829,6315.4427,6995.776269999999,7307.149144000002,7493.692824400002,7514.4199,1.0758,1.0082,6309.982937000001,5.507,2.938,3.523,10.19652699,9100,1200,296869752200,64071211600,345714.9171,247658.2165,6400,59.29597100000001,67.79664149271629,0.883495145631068,3457.149171,21833427.494803,54.017955796875
specoffload,generation,vit-h14,fp16,0,0,1,1,100,5,actual_test_variant_0829,717.0198,799.7028,839.473696,844.3916596,844.9381,0.5996,0.5836,713.231704,5.897,2.814,3.543,1.4127746,8400,1900,15733584200,3836514200,33157.0546,22050.5524,100,6.173677999999993,7.266450794425014,0.8155339805825242,331.57054600000004,237742.64657881085,331.57054600000004
specoffload,scoring,gpt-j-6b,fp16,128,64,1,1,100,5,actual_test_variant_0829,127.6017,149.2382,159.09931699999999,160.2680417,160.3979,0.6307,0.5912,129.241228,5.789,3.021,3.774,499.15656042,8300,2000,64068358600,6313785500,6144.5731,4123.2059,6400,1.054016,1.2257875157628255,0.8058252427184466,61.445730999999995,7840.579733342699,0.9600895468749999
specoffload,scoring,llama3-8b,fp16,128,64,1,1,100,5,actual_test_variant_0829,166.1608,186.736955,191.72694300000006,201.51395430000014,202.6014,0.6324,0.6024,165.263092,5.051,3.087,3.374,389.69278664,8500,1800,83673526900,8082228800,8238.4905,5153.7232,6400,1.606106,1.838759132132318,0.8252427184466019,82.384905,13689.141722724,1.287264140625
specoffload,scoring,llama4-17b,fp16,128,64,1,1,100,5,actual_test_variant_0829,274.81804999999997,318.29404500000004,335.554341,342.04447410000006,342.7656,0.7484,0.7211,277.51230899999996,5.323,2.936,3.664,232.48295036,9100,1200,168878381000,18262892700,14432.5766,9210.5195,6400,2.6475810000000037,3.050710891103911,0.883495145631068,144.32576600000002,39663.3255768763,2.2550900937500002
specoffload,scoring,mixtral-8x7b,fp16,128,64,1,1,100,5,actual_test_variant_0829,376.04685,429.22266999999994,451.682813,459.7118813000001,460.604,1.0956,1.0263,377.72273499999994,5.364,3.026,3.46,170.7999594,9000,1300,498110790600,45366314700,20220.3124,14123.1391,6400,3.452286999999993,3.974353481825686,0.8737864077669902,202.203124,76037.8478403594,3.1594238125
specoffload,scoring,vit-h14,fp16,0,0,1,1,100,5,actual_test_variant_0829,84.72225,96.85432999999999,102.43210300000001,103.01152030000002,103.0759,0.578,0.55,85.511051,5.852,2.839,3.731,11.76514187,9100,1200,25720335400,2479581800,3960.2496,2652.1836,100,0.8119889999999992,0.9221725094037442,0.883495145631068,39.602496,3355.212566736,39.602496
specoffload,ttft,gpt-j-6b,fp16,128,1,1,1,100,5,actual_test_variant_0829,347.43325000000004,399.417295,413.60456100000005,418.40357610000007,418.9368,0.618,0.6083,347.176424,5.278,2.647,3.107,2.89951475,8400,1900,58841981200,5915029700,17246.0576,11116.296,100,3.1555980000000003,3.666762189970875,0.8155339805825242,172.460576,59918.53841655201,172.460576
specoffload,ttft,llama3-8b,fp16,128,1,1,1,100,5,actual_test_variant_0829,371.04449999999997,425.83543,445.34753800000004,453.10262380000006,453.9643,0.6417,0.6481,375.25816499999996,5.191,2.659,3.11,2.67724496,8400,1900,78261720100,8622440600,18425.8917,12191.9659,100,3.243883000000001,3.746137935888106,0.8155339805825242,184.258917,68368.2577288065,184.258917
specoffload,ttft,llama4-17b,fp16,128,1,1,1,100,5,actual_test_variant_0829,668.0354500000001,775.3599849999999,792.3021160000002,833.8152316000005,838.4278,0.7498,0.7179,671.883617,5.141,2.829,3.001,1.4967139,8900,1400,176447977000,17530165600,35008.4134,23860.9814,100,5.626348999999994,6.492048706587155,0.8640776699029126,350.08413399999995,233868.6119945503,350.08413399999995
specoffload,ttft,mixtral-8x7b,fp16,128,1,1,1,100,5,actual_test_variant_0829,972.2671,1099.848405,1144.8539870000004,1201.2887687000007,1207.5593,1.0997,1.036,979.5812159999998,4.987,2.814,3.693,1.02351415,9000,1300,464009614100,45360589200,54767.538,37587.9149,100,9.638065,10.865659324399045,0.8737864077669902,547.67538,532486.753453998,547.67538
specoffload,ttft,vit-h14,fp16,0,1,1,1,100,5,actual_test_variant_0829,207.23899999999998,237.302475,246.70458600000015,271.0989186000003,273.8094,0.586,0.5462,207.14008099999995,5.184,2.767,3.26,4.86302328,9100,1200,25230408000,2584023200,9844.2564,6028.2716,100,1.7354509999999987,2.054546604022405,0.883495145631068,98.442564,20401.138520795997,98.442564
swapadvisor,continuation,gpt-j-6b,fp16,128,1,1,1,100,5,actual_test_variant_0829,12.8229,14.024754999999999,14.398258,14.4747058,14.4832,0.6118,0.6265,12.722586999999999,5.249,2.876,4.594,79.02874209,8400,1700,64002253700,7007109400,620.3609,391.7048,100,0.10925399999999995,0.12997710490697958,0.8316831683168316,6.203609,79.5482578461,6.203609
swapadvisor,continuation,llama3-8b,fp16,128,1,1,1,100,5,actual_test_variant_0829,16.190800000000003,19.03149,19.370635,19.739063500000004,19.78,0.6359,0.6532,16.291669,5.462,2.833,4.183,61.80276689,8400,1700,85977233800,8423286800,852.6847,533.7664,100,0.13880200000000006,0.16378856919821977,0.8316831683168316,8.526847,138.05647440760004,8.526847
swapadvisor,continuation,llama4-17b,fp16,128,1,1,1,100,5,actual_test_variant_0829,27.0066,30.55661,31.04301900000001,33.10292190000003,33.3318,0.7807,0.7684,27.042258000000007,5.444,2.841,3.594,37.1838972,8500,1600,179156975100,17812930900,1467.6535,928.3113,100,0.25060800000000005,0.2841292110994573,0.8415841584158416,14.676535,396.363310131,14.676535
swapadvisor,continuation,mixtral-8x7b,fp16,128,1,1,1,100,5,actual_test_variant_0829,41.04415,47.353975000000005,50.925426,51.2485026,51.2844,1.076,1.0731,41.158289,5.255,2.98,3.494,24.49036999,8400,1700,510690457300,49274600500,2352.4824,1597.8395,100,0.354431,0.41113707434382496,0.8316831683168316,23.524824,965.5564049796,23.524824
swapadvisor,continuation,vit-h14,fp16,0,1,1,1,100,5,actual_test_variant_0829,5.4162,5.9370650000000005,6.071974000000002,6.345867400000003,6.3763,0.5642,0.5992,5.372788999999998,5.304,2.758,3.537,187.07094111,7800,2300,28999018800,2616825900,261.4576,171.1245,100,0.04852100000000001,0.05484066465680374,0.7722772277227723,2.614576,14.1610665312,2.614576
swapadvisor,generation,gpt-j-6b,fp16,128,64,1,1,100,5,actual_test_variant_0829,2220.0799500000003,2464.500185,2518.3390830000003,2619.6264483000014,2630.8806,0.6282,0.6326,2205.405637,5.506,2.506,3.881,29.17616788,7900,2200,42253802700,9127959300,108362.7272,67866.0503,6400,18.709131999999986,22.228413569987374,0.7821782178217822,1083.627272,2405739.1798403966,16.931676125
swapadvisor,generation,llama3-8b,fp16,128,64,1,1,100,5,actual_test_variant_0829,2746.4395999999997,3085.8148899999997,3245.468402,3269.3384702000003,3271.9907,0.6536,0.6513,2733.1660209999995,4.921,2.506,4.014,23.57455838,8500,1600,59269656800,11633133000,135943.041,88654.4667,6400,24.18375400000001,27.849256304573036,0.8415841584158416,1359.43041,3733593.5114682354,21.24110015625
swapadvisor,generation,llama4-17b,fp16,128,64,1,1,100,5,actual_test_variant_0829,5307.6625,5964.318765,6192.667107,6258.423530700001,6265.7298,0.75,0.7727,5294.928915,5.375,2.83,4.534,12.17651029,7900,2200,112021948100,26934974900,283566.2604,187945.5631,6400,49.02438300000003,56.57353089539933,0.7821782178217822,2835.662604,15050740.065903151,44.3072281875
swapadvisor,generation,mixtral-8x7b,fp16,128,64,1,1,100,5,actual_test_variant_0829,7881.2015,8962.507275,9259.971609,9426.170640900002,9444.6372,1.1466,1.0272,7889.874187,5.061,2.706,3.837,8.15621716,8400,1700,325329732300,72165171500,453370.4572,304913.6065,6400,73.79495899999998,82.57896869627575,0.8316831683168316,4533.704572,35731039.27340326,70.8391339375
swapadvisor,generation,vit-h14,fp16,0,0,1,1,100,5,actual_test_variant_0829,914.27225,1024.7653799999998,1061.211598,1069.4175298000002,1070.3293,0.5819,0.5935,918.8344189999999,5.609,2.74,4.113,1.09520525,8500,1600,17696862200,3823187800,46631.6494,28433.6777,100,7.259797000000007,8.749886746152782,0.8415841584158416,466.31649400000003,426340.2301814915,466.31649400000003
swapadvisor,scoring,gpt-j-6b,fp16,128,64,1,1,100,5,actual_test_variant_0829,145.6387,165.370675,169.855243,170.4382243,170.503,0.6087,0.6126,145.506901,5.356,2.621,4.486,443.4165493,8500,1600,67716387500,6803853200,7215.7716,4774.4292,6400,1.2049190000000012,1.4235288331818245,0.8415841584158416,72.157716,10508.955953209199,1.1274643125
swapadvisor,scoring,llama3-8b,fp16,128,64,1,1,100,5,actual_test_variant_0829,174.9541,197.65588,202.37158000000002,208.09892800000006,208.7353,0.6245,0.6328,176.22783200000006,5.337,2.819,4.225,364.77537892,8000,2100,88084498900,8295028300,8842.6249,5908.4453,6400,1.4818810000000007,1.7231883699990551,0.7920792079207921,88.42624900000001,15470.534810170902,1.3816601406250002
swapadvisor,scoring,llama4-17b,fp16,128,64,1,1,100,5,actual_test_variant_0829,271.0064,313.08968000000004,321.270534,321.64778340000004,321.6897,0.7546,0.7535,273.86025499999994,5.103,2.832,3.887,235.01887915,8500,1600,179999215700,17757869700,13893.1123,9318.6926,6400,2.352561,2.759730971254262,0.8415841584158416,138.931123,37651.2234921872,2.170798796875
swapadvisor,scoring,mixtral-8x7b,fp16,128,64,1,1,100,5,actual_test_variant_0829,391.11469999999997,431.56081,453.2746450000002,483.5993845000003,486.9688,1.1481,1.019,391.8490000000001,4.857,2.721,3.562,164.22132671,8600,1500,527857510700,49817306900,22491.9512,14832.7846,6400,3.2803140000000006,3.9246705379178044,0.8514851485148515,224.919512,87969.3274600264,3.514367375
swapadvisor,scoring,vit-h14,fp16,0,0,1,1,100,5,actual_test_variant_0829,98.16865,109.72556499999999,111.960032,112.1678132,112.1909,0.5667,0.5628,98.495751,4.913,2.896,4.364,10.20902096,7900,2200,28001234900,2913845400,5016.7318,3105.6756,100,0.895423,1.0237350455562222,0.7821782178217822,50.167317999999995,4924.8578821807,50.167317999999995
swapadvisor,ttft,gpt-j-6b,fp16,128,1,1,1,100,5,actual_test_variant_0829,335.64775,383.587995,399.75113699999997,400.97510370000003,401.1111,0.6086,0.6467,338.4414290000001,4.718,2.838,3.921,2.9794713,8600,1500,65765055700,6736372000,17116.6576,10701.0867,100,3.064655999999995,3.5477373370360965,0.8514851485148515,171.166576,57451.67610960399,171.166576
swapadvisor,ttft,llama3-8b,fp16,128,1,1,1,100,5,actual_test_variant_0829,406.98934999999994,454.16526000000005,473.61093800000015,502.4738138000003,505.6808,0.6402,0.648,408.20130200000006,5.083,2.837,3.626,2.4630793,8600,1500,89405507900,9231082900,20982.1248,13137.8816,100,3.911364,4.446067497305906,0.8514851485148515,209.82124800000003,85395.01333970879,209.82124800000003
swapadvisor,ttft,llama4-17b,fp16,128,1,1,1,100,5,actual_test_variant_0829,694.949,784.66681,823.651279,837.3529879000001,838.8754,0.7768,0.7665,698.43717,5.388,2.967,4.568,1.44124944,8400,1700,185515191800,19295830700,36105.6392,24957.1849,100,6.5202329999999975,7.3618517195132345,0.8316831683168316,361.05639199999996,250915.77856400795,361.05639199999996
swapadvisor,ttft,mixtral-8x7b,fp16,128,1,1,1,100,5,actual_test_variant_0829,1154.1305,1291.2691599999998,1329.4605430000004,1385.3389843000007,1391.5477,1.0979,1.0311,1143.8980839999997,5.404,2.585,3.755,0.87902001,8500,1600,475113031700,52639946900,65784.0829,43508.3206,100,9.802127999999996,11.376225008314496,0.8415841584158416,657.840829,759234.1648941844,657.840829
swapadvisor,ttft,vit-h14,fp16,0,1,1,1,100,5,actual_test_variant_0829,231.77955,258.69239999999996,266.5687050000003,316.3404105000006,321.8706,0.5973,0.5684,230.394724,5.427,2.741,4.173,4.37233585,7800,2300,26042059700,2679617200,10947.0655,7026.798,100,2.006750999999997,2.3225543725605196,0.7722772277227723,109.47065500000001,25373.059154105253,109.47065500000001
vllm,continuation,gpt-j-6b,fp16,128,1,1,1,100,5,actual_test_variant_0829,13.20515,15.11298,15.849050000000004,16.397015000000007,16.4579,0.6029,0.6062,13.310657999999998,5.715,3.205,2.534,75.75184367,8500,1800,57096323400,5772709300,637.6531,410.98,100,0.1310009999999999,0.14873064344646655,0.8252427184466019,6.376531,84.20304833464999,6.376531
vllm,continuation,llama3-8b,fp16,128,1,1,1,100,5,actual_test_variant_0829,16.0561,17.828165,18.570359000000003,19.092395900000007,19.1504,0.6591,0.607,15.889301,5.545,2.735,2.75,63.32829452,9300,1000,84291037100,7894602900,765.6600999999999,506.9667,100,0.13135100000000013,0.15590774483649003,0.9029126213592233,7.656600999999999,122.93515131609999,7.656600999999999
vllm,continuation,llama4-17b,fp16,128,1,1,1,100,5,actual_test_variant_0829,29.76945,33.069715,33.816874000000006,34.0283974,34.0519,0.7376,0.7152,29.650029,5.417,3.182,2.542,33.88671429,8600,1700,182373404500,17554983700,1476.7842,1022.7418,100,0.2437839999999999,0.2805329346083983,0.8349514563106796,14.767842,439.63053402689997,14.767842
vllm,continuation,mixtral-8x7b,fp16,128,1,1,1,100,5,actual_test_variant_0829,34.4487,37.900205,39.695112,39.963481200000004,39.9933,1.1385,1.0303,34.06581800000001,5.184,3.023,2.576,29.50336178,9300,1000,466746543000,47893508900,1851.2619,1227.4329,100,0.34258599999999995,0.38661019826176335,0.9029126213592233,18.512619,637.7356581453,18.512619
vllm,continuation,vit-h14,fp16,0,1,1,1,100,5,actual_test_variant_0829,4.7079,5.489285,5.8888799999999994,5.922738,5.9265,0.5885,0.5436,4.755109,5.953,2.993,3.185,212.20548922,8700,1600,24358114600,2552932100,228.6669,145.3035,100,0.042928000000000036,0.048767062655033916,0.8446601941747572,2.286669,10.7654089851,2.286669
vllm,generation,gpt-j-6b,fp16,128,64,1,1,100,5,actual_test_variant_0829,2120.8624,2416.33927,2563.7368850000003,2591.8911485000003,2595.0194,0.6205,0.6043,2137.969312,5.546,2.87,2.395,30.098102739999998,8600,1700,37660638700,8935088800,101665.6952,66701.6984,6400,19.23956499999999,22.34345320863137,0.8349514563106796,1016.656952,2156189.503195405,15.885264875
vllm,generation,llama3-8b,fp16,128,64,1,1,100,5,actual_test_variant_0829,2648.1826,3007.271265,3030.688068000001,3163.6580568000013,3178.4325,0.6698,0.6106,2659.7349850000005,5.65,2.885,3.1,24.18103816,8500,1800,51665575200,11564944500,124461.0245,80902.4535,6400,24.641912999999978,27.98496215210051,0.8252427184466019,1244.610245,3295955.194590737,19.447035078125
vllm,generation,llama4-17b,fp16,128,64,1,1,100,5,actual_test_variant_0829,3689.8444,4174.8508,4338.948126000001,4463.530062600002,4477.3725,0.7736,0.7252,3698.2604019999994,5.536,3.055,2.526,17.38735492,9300,1000,104230441100,24668722900,185069.6784,123113.6392,6400,32.13920399999998,38.420442548169554,0.9029126213592233,1850.696784,6828783.164540409,28.91713725
vllm,generation,mixtral-8x7b,fp16,128,64,1,1,100,5,actual_test_variant_0829,6218.1234,7112.00266,7337.291158,7442.247215800001,7453.909,1.0696,1.0297,6244.6451289999995,5.321,2.758,3.17,10.32245109,8500,1800,299845431900,66408048900,318289.2963,230765.7093,6400,55.88374900000004,65.31264112064909,0.8252427184466019,3182.892963,19791621.212925635,49.732702546875
vllm,generation,vit-h14,fp16,0,0,1,1,100,5,actual_test_variant_0829,793.1406,906.241675,933.4850260000004,999.2075026000008,1006.51,0.5855,0.5415,802.25377,5.355,3.047,2.734,1.25530056,9300,1000,16067918800,3758502600,36477.0727,23761.2908,100,6.723668999999994,8.06509529040419,0.9029126213592233,364.77072699999997,289314.4732752162,364.77072699999997
vllm,scoring,gpt-j-6b,fp16,128,64,1,1,100,5,actual_test_variant_0829,123.0979,140.70414,148.17915399999998,148.67401540000003,148.729,0.6191,0.6023,123.654879,5.377,2.743,2.473,521.11832831,9100,1200,61815406200,5709168300,5731.9469,3666.4398,6400,1.017510000000001,1.2387503181028865,0.883495145631068,57.319469,7055.906263015099,0.895616703125
vllm,scoring,llama3-8b,fp16,128,64,1,1,100,5,actual_test_variant_0829,146.46715,166.02677,169.03008100000002,172.62802810000005,173.0278,0.6631,0.6132,146.67965099999998,5.589,2.747,3.152,438.5245001,8500,1800,83967557200,8151577400,7219.4008,4669.0418,6400,1.42601,1.6522619765037265,0.8252427184466019,72.194008,10574.0505988372,1.128031375
vllm,scoring,llama4-17b,fp16,128,64,1,1,100,5,actual_test_variant_0829,230.62085,263.651305,267.0050590000001,275.8133959000001,276.7921,0.7419,0.6998,230.71051599999998,5.664,3.243,2.671,278.46380171,8700,1600,170067857100,16342223600,11275.5735,7978.977,6400,2.3374720000000018,2.594990765995134,0.8446601941747572,112.755735,26003.82344807475,1.761808359375
vllm,scoring,mixtral-8x7b,fp16,128,64,1,1,100,5,actual_test_variant_0829,310.9233,355.632955,376.49256,379.73223600000006,380.0922,1.1244,0.9932,313.08291299999996,5.535,2.722,2.692,205.61364262,8600,1700,479691160400,44063480100,17229.6758,11380.8457,6400,2.8741070000000004,3.333366133820285,0.8349514563106796,172.296758,53571.0765766614,2.69213684375
vllm,scoring,vit-h14,fp16,0,0,1,1,100,5,actual_test_variant_0829,86.80494999999999,101.008985,103.28741699999999,103.4671317,103.4871,0.5922,0.5626,87.30165900000001,5.263,2.936,3.117,11.53443888,9200,1100,24034555300,2495420800,3993.0487,2547.0391,100,0.7276619999999994,0.8531124231893469,0.8932038834951457,39.930487,3466.1639275106495,39.930487
vllm,ttft,gpt-j-6b,fp16,128,1,1,1,100,5,actual_test_variant_0829,264.94905,303.12039500000003,305.79200000000003,315.3613400000001,316.4246,0.6277,0.6102,265.49095700000004,5.6,2.954,2.46,3.79002441,9200,1100,62874720000,6194460900,12770.8472,7815.1544,100,2.2635760000000023,2.667662219734726,0.8932038834951457,127.708472,33836.2383333516,127.708472
vllm,ttft,llama3-8b,fp16,128,1,1,1,100,5,actual_test_variant_0829,387.3902,451.16581999999994,475.10255600000005,476.7024356,476.8802,0.6714,0.6039,393.57554400000004,5.659,3.161,2.671,2.56134593,8600,1700,78631505600,7634653200,18716.2775,12460.483,100,4.028768999999998,4.490708208657068,0.8349514563106796,187.162775,72505.024839805,187.162775
vllm,ttft,llama4-17b,fp16,128,1,1,1,100,5,actual_test_variant_0829,589.9545,653.7167499999999,696.921074,706.3366274000001,707.3828,0.7849,0.7196,591.4815219999999,5.659,3.047,2.512,1.69821426,8700,1600,161205754000,18238928000,29574.9549,20429.1236,100,4.789667000000003,5.758067308524627,0.8446601941747572,295.749549,174478.77730552052,295.749549
vllm,ttft,mixtral-8x7b,fp16,128,1,1,1,100,5,actual_test_variant_0829,828.905,955.2256,1031.7766589999999,1035.8092359,1036.2573,1.0687,1.0654,830.0406029999999,5.91,2.791,3.161,1.21476033,9300,1000,468887453000,45914305900,45260.6036,30522.8398,100,7.005358999999999,8.297418757643849,0.9029126213592233,452.606036,375167.40627058,452.606036
vllm,ttft,vit-h14,fp16,0,1,1,1,100,5,actual_test_variant_0829,191.00475,216.57835,222.939773,223.8550973,223.9568,0.5858,0.5415,190.07353600000002,5.647,2.84,3.095,5.30121614,9200,1100,24690787100,2643332300,8705.0632,5702.0133,100,1.6526859999999988,1.9636969038525254,0.8932038834951457,87.05063200000001,16627.084202502003,87.05063200000001
