system,task,model,precision,input_tokens,output_tokens,batch,concurrency,requests,runs,p50_ms,p95_ms,p99_ms,p99_9_ms,max_ms,alpha,beta,predicted_ms,read_bw_gbps,write_bw_gbps,queue_ms,throughput_tps,prefetch_hits,prefetch_misses,bytes_read,bytes_written,node_energy_j,gpu_energy_j,tokens,mae_ms,rmse_ms,prefetch_hit_rate,energy_per_request_j,edp_j_ms,energy_per_token_j
default,continuation,gpt-j-6b,fp16,128,1,1,1,40,5,32.9523,34.562565,34.709108,34.7697608,34.7765,0.7276,0.573,32.940275,4.4,2.4,4.6,30.326264125,3200.0,800.0,29360128000.0,2684354560.0,8.24656,5.0304,40.0,0.5330200000000007,0.6376280322413694,0.8,0.20616400000000001,6.793577977200001,0.20616400000000001
default,continuation,llama3-8b,fp16,128,1,1,1,40,5,40.377449999999996,42.40857,42.550751000000005,42.5574551,42.5582,0.7336,0.578,40.56735,4.4,2.4,4.6,24.66878115,3200.0,800.0,29360128000.0,2684354560.0,8.3948,5.12085,40.0,0.5861024999999997,0.6982823943434345,0.8,0.20987,8.4740154315,0.20987
default,continuation,llama4-17b,fp16,128,1,1,1,40,5,71.74955,74.94412,75.83923200000001,76.1485332,76.1829,0.76,0.6,71.87032,4.4,2.4,4.6,13.9120198,3200.0,800.0,29360128000.0,2684354560.0,9.00954,5.49586,40.0,1.0362649999999995,1.2956730893632074,0.8,0.22523849999999998,16.160761017675,0.22523849999999998
default,continuation,mixtral-8x7b,fp16,128,1,1,1,40,5,94.4075,99.841995,100.391356,100.49651560000001,100.5082,0.7792,0.616,95.17921,4.4,2.4,4.6,10.522446675000001,3200.0,800.0,29360128000.0,2684354560.0,9.46373,5.77288,40.0,1.3764374999999993,1.7448917832490356,0.8,0.23659325,22.336177249375,0.23659325
default,continuation,vit-h14,fp16,128,1,1,1,40,5,22.30245,23.685359999999996,24.278502,24.463900200000005,24.4845,0.7186,0.5655,22.395332500000002,4.4,2.4,4.6,44.6513537,3200.0,800.0,29360128000.0,2684354560.0,8.03936,4.90395,40.0,0.3348974999999995,0.4325427866119141,0.8,0.200984,4.4824356108,0.200984
default,generation,gpt-j-6b,fp16,128,128,1,1,40,5,1960.2253,2042.81757,2082.781348,2091.6148948,2092.5964,0.7276,0.573,1971.013365,4.4,2.4,4.6,65.06049715,3200.0,800.0,29360128000.0,2684354560.0,46.1791,28.169249999999998,5120.0,26.447927500000027,34.707231457057354,0.8,1.1544775,2263.03600378075,0.00901935546875
default,generation,llama3-8b,fp16,128,128,1,1,40,5,2379.3235999999997,2496.00744,2538.972522,2560.7591622000004,2563.1799,0.7336,0.578,2396.7173825,4.4,2.4,4.6,53.6199747,3200.0,800.0,29360128000.0,2684354560.0,54.40692,33.1882,5120.0,38.52588000000007,51.13947712550948,0.8,1.360173,3236.2917189828,0.0106263515625
default,generation,llama4-17b,fp16,128,128,1,1,40,5,4259.6751,4410.119664999999,4540.0040659999995,4545.0621866,4545.6242,0.76,0.6,4301.193679999999,4.4,2.4,4.6,29.903466375,3200.0,800.0,29360128000.0,2684354560.0,91.52506,55.83029,5120.0,50.133792500000006,67.52029662206581,0.8,2.2881264999999997,9746.67547770015,0.017875988281249998
default,generation,mixtral-8x7b,fp16,128,128,1,1,40,5,5550.7122500000005,5906.698839999999,5929.037840999999,5933.765144100001,5934.2904,0.7792,0.616,5556.94026,4.4,2.4,4.6,22.936860825,3200.0,800.0,29360128000.0,2684354560.0,117.04357,71.39658,5120.0,84.99064499999997,107.538873984383,0.8,2.92608925,16241.879444568314,0.022860072265625
default,generation,vit-h14,fp16,128,128,1,1,40,5,1298.40665,1362.5142299999998,1499.363668,1549.8826768000008,1555.4959,0.7186,0.5655,1317.0315525,4.4,2.4,4.6,97.757870475,3200.0,800.0,29360128000.0,2684354560.0,33.29313,20.30881,5120.0,16.280017500000024,20.91788163212878,0.8,0.83232825,1080.7005347828624,0.006502564453125
default,scoring,gpt-j-6b,fp16,128,0,1,1,40,5,143.0158,150.403575,153.466204,153.9703804,154.0264,0.7276,0.573,142.91295,4.4,2.4,4.6,6.982945725,3200.0,800.0,29360128000.0,2684354560.0,10.40839,6.34914,40.0,1.8712624999999954,2.32940453437139,0.8,0.26020975,37.21410556405001,0.26020975
default,scoring,llama3-8b,fp16,128,0,1,1,40,5,173.24054999999998,181.41021999999998,182.791414,183.3836914,183.4495,0.7336,0.578,174.654905,4.4,2.4,4.6,5.73495305,3200.0,800.0,29360128000.0,2684354560.0,11.01905,6.72159,40.0,1.7697674999999982,2.253021907960505,0.8,0.27547625,47.723657061937494,0.27547625
default,scoring,llama4-17b,fp16,128,0,1,1,40,5,308.9741,321.55945499999996,327.944443,331.33029430000005,331.7065,0.76,0.6,311.6545225,4.4,2.4,4.6,3.2238058250000003,3200.0,800.0,29360128000.0,2684354560.0,13.68246,8.34627,40.0,3.460369999999999,4.573288608157154,0.8,0.3420615,105.68814410715001,0.3420615
default,scoring,mixtral-8x7b,fp16,128,0,1,1,40,5,403.39365,414.544895,419.351079,420.6090279,420.7488,0.7792,0.616,403.7985175,4.4,2.4,4.6,2.470663275,3200.0,800.0,29360128000.0,2684354560.0,15.53438,9.47597,40.0,4.731334999999997,5.761732069135109,0.8,0.3883595,156.661756217175,0.3883595
default,scoring,vit-h14,fp16,128,0,1,1,40,5,95.79124999999999,100.668035,103.838738,105.63438380000002,105.8339,0.7186,0.5655,96.2324425,4.4,2.4,4.6,10.397269325,3200.0,800.0,29360128000.0,2684354560.0,9.48645,5.7867,40.0,1.4488350000000012,1.9058762404731342,0.8,0.23716125,22.717972589062498,0.23716125
default,ttft,gpt-j-6b,fp16,128,1,1,1,40,5,375.68555000000003,394.254085,395.95385,396.80853500000006,396.9035,0.7276,0.573,375.9226675,4.4,2.4,4.6,2.6680409000000003,3200.0,800.0,29360128000.0,2684354560.0,14.95235,9.12092,40.0,5.940437499999999,7.073243983650639,0.8,0.37380874999999997,140.4345458385625,0.37380874999999997
default,ttft,llama3-8b,fp16,128,1,1,1,40,5,454.70245,467.96086999999994,501.32584999999995,516.5364350000002,518.2265,0.7336,0.578,459.20203499999997,4.4,2.4,4.6,2.188704875,3200.0,800.0,29360128000.0,2684354560.0,16.5606,10.10198,40.0,6.801647499999999,8.707794564167783,0.8,0.414015,188.25363483675,0.414015
default,ttft,llama4-17b,fp16,128,1,1,1,40,5,814.7968000000001,852.03045,861.1550380000001,862.2416638,862.3624,0.76,0.6,814.830775,4.4,2.4,4.6,1.22413235,3200.0,800.0,29360128000.0,2684354560.0,23.61739,14.40661,40.0,11.593385000000003,13.913269392256442,0.8,0.59043475,481.08434490880006,0.59043475
default,ttft,mixtral-8x7b,fp16,128,1,1,1,40,5,1077.58,1126.850215,1161.807741,1171.0629441,1172.0913,0.7792,0.616,1078.1297975,4.4,2.4,4.6,0.9248317,3200.0,800.0,29360128000.0,2684354560.0,28.80307,17.56991,40.0,14.587337499999999,18.036920481355736,0.8,0.72007675,775.940304265,0.72007675
default,ttft,vit-h14,fp16,128,1,1,1,40,5,255.9375,260.780825,267.113167,270.3334867000001,270.6913,0.7186,0.5655,255.82108499999998,4.4,2.4,4.6,3.9257422249999996,3200.0,800.0,29360128000.0,2684354560.0,12.59446,7.68265,40.0,3.3464574999999948,4.246067434314955,0.8,0.3148615,80.58486515625,0.3148615
flexgen,continuation,gpt-j-6b,fp16,128,1,1,1,40,5,29.662399999999998,31.05172,31.415849,31.5355049,31.5488,0.7726,0.608,29.844745,4.63,2.54,4.18,33.5500256,3280.0,720.0,29360128000.0,2684354560.0,8.34817,5.09235,40.0,0.4083399999999998,0.5236923648479134,0.82,0.20870424999999998,6.190668945199999,0.20870424999999998
flexgen,continuation,llama3-8b,fp16,128,1,1,1,40,5,35.7394,36.837734999999995,37.157830000000004,37.278223000000004,37.2916,0.7786,0.613,35.803067500000004,4.63,2.54,4.18,27.938218375,3280.0,720.0,29360128000.0,2684354560.0,8.46779,5.16529,40.0,0.55191,0.6868810155332584,0.82,0.21169475000000001,7.565843348150001,0.21169475000000001
flexgen,continuation,llama4-17b,fp16,128,1,1,1,40,5,64.49745,67.70937500000001,68.73687,69.135957,69.1803,0.805,0.635,64.810945,4.63,2.54,4.18,15.468500850000002,3280.0,720.0,29360128000.0,2684354560.0,9.0452,5.51756,40.0,0.9080025000000014,1.0843516709306082,0.82,0.22613,14.5848083685,0.22613
flexgen,continuation,mixtral-8x7b,fp16,128,1,1,1,40,5,85.25375,88.667565,91.34563800000001,91.81450380000001,91.8666,0.8242,0.651,85.05204499999999,4.63,2.54,4.18,11.745911525,3280.0,720.0,29360128000.0,2684354560.0,9.45514,5.7676300000000005,40.0,1.0132174999999992,1.2906619577759313,0.82,0.2363785,20.152153544374997,0.2363785
flexgen,continuation,vit-h14,fp16,128,1,1,1,40,5,20.28775,21.110149999999997,21.935344,21.9635644,21.9667,0.7636,0.6005,20.498595,4.63,2.54,4.18,48.998802475000005,3280.0,720.0,29360128000.0,2684354560.0,8.16019,4.97776,40.0,0.28541250000000024,0.3786332958813848,0.82,0.20400475,4.1387973668125,0.20400475
flexgen,generation,gpt-j-6b,fp16,128,128,1,1,40,5,1739.585,1817.1950699999998,1962.976275,2007.2751075000008,2012.1972,0.7726,0.608,1738.5633874999999,4.63,2.54,4.18,73.21168730000001,3280.0,720.0,29360128000.0,2684354560.0,42.74014,26.07151,5120.0,27.305017499999984,36.48432282032585,0.82,1.0685034999999998,1858.7526610474997,0.008347683593749999
flexgen,generation,llama3-8b,fp16,128,128,1,1,40,5,2125.04975,2173.731205,2249.5633209999996,2256.3116821,2257.0615,0.7786,0.613,2135.00719,4.63,2.54,4.18,60.124047700000006,3280.0,720.0,29360128000.0,2684354560.0,50.324999999999996,30.69822,5120.0,35.88164250000004,44.702032777970516,0.82,1.258125,2673.57821671875,0.0098291015625
flexgen,generation,llama4-17b,fp16,128,128,1,1,40,5,3818.3263500000003,3946.935875,3963.8738109999995,3973.5842611000003,3974.6632,0.805,0.635,3833.808745,4.63,2.54,4.18,33.421997925,3280.0,720.0,29360128000.0,2684354560.0,84.33794,51.44613,5120.0,45.32474749999992,60.77510020714682,0.82,2.1084485,8050.744465167976,0.01647225390625
flexgen,generation,mixtral-8x7b,fp16,128,128,1,1,40,5,5054.54145,5217.9801099999995,5320.955174000001,5325.494797400001,5325.9992,0.8242,0.651,5044.334554999999,4.63,2.54,4.18,25.409911425,3280.0,720.0,29360128000.0,2684354560.0,108.52124,66.19794,5120.0,73.26561999999998,92.46844805449317,0.82,2.713031,13713.12764463495,0.0211955546875
flexgen,generation,vit-h14,fp16,128,128,1,1,40,5,1183.41175,1209.68332,1225.631833,1233.1872133,1234.0267,0.7636,0.6005,1185.15538,4.63,2.54,4.18,108.0451297,3280.0,720.0,29360128000.0,2684354560.0,31.44053,19.17871,5120.0,16.51683250000001,21.204288864537517,0.82,0.78601325,930.1773157056875,0.006140728515625
flexgen,scoring,gpt-j-6b,fp16,128,0,1,1,40,5,128.21945,133.632945,134.970762,135.41098620000002,135.4599,0.7726,0.608,129.3393575,4.63,2.54,4.18,7.767760075,3280.0,720.0,29360128000.0,2684354560.0,10.32687,6.29934,40.0,2.165097499999999,2.8099506957863163,0.82,0.25817175,33.102639790537495,0.25817175
flexgen,scoring,llama3-8b,fp16,128,0,1,1,40,5,156.5029,163.08361499999998,168.583384,171.27007840000005,171.5686,0.7786,0.613,157.50281,4.63,2.54,4.18,6.368075625,3280.0,720.0,29360128000.0,2684354560.0,10.89378,6.64524,40.0,2.3841475,2.94745233867318,0.82,0.2723445,42.62270404905,0.2723445
flexgen,scoring,llama4-17b,fp16,128,0,1,1,40,5,274.28459999999995,284.04704,298.081579,304.4676379000001,305.1772,0.805,0.635,274.4381425,4.63,2.54,4.18,3.6352239249999996,3280.0,720.0,29360128000.0,2684354560.0,13.25439,8.0852,40.0,3.3396949999999976,4.124902053867459,0.82,0.33135975,90.88687648484999,0.33135975
flexgen,scoring,mixtral-8x7b,fp16,128,0,1,1,40,5,365.32565,383.60295499999995,387.74178600000005,389.39239860000004,389.5758,0.8242,0.651,368.9187275,4.63,2.54,4.18,2.725409775,3280.0,720.0,29360128000.0,2684354560.0,15.09007,9.20495,40.0,4.932282499999998,5.942688336245642,0.82,0.37725175,137.8197407823875,0.37725175
flexgen,scoring,vit-h14,fp16,128,0,1,1,40,5,86.92135,91.989105,93.663062,94.0085162,94.0469,0.7636,0.6005,87.5906075,4.63,2.54,4.18,11.47703535,3280.0,720.0,29360128000.0,2684354560.0,9.49531,5.79218,40.0,1.2378499999999992,1.5947692670101203,0.82,0.23738275,20.6336290967125,0.23738275
flexgen,ttft,gpt-j-6b,fp16,128,1,1,1,40,5,335.6595,354.045515,364.78446199999996,370.3808762000001,371.0027,0.7726,0.608,338.929895,4.63,2.54,4.18,2.959989675,3280.0,720.0,29360128000.0,2684354560.0,14.51061,8.85147,40.0,4.7436150000000055,5.906609525861689,0.82,0.36276525,121.76560243237499,0.36276525
flexgen,ttft,llama3-8b,fp16,128,1,1,1,40,5,415.3192,428.14619999999996,431.79475,433.158385,433.3099,0.7786,0.613,415.4009525,4.63,2.54,4.18,2.405485125,3280.0,720.0,29360128000.0,2684354560.0,16.06595,9.800229999999999,40.0,5.980727499999995,7.2240425843325395,0.82,0.40164875,166.812437531,0.40164875
flexgen,ttft,llama4-17b,fp16,128,1,1,1,40,5,736.9690499999999,756.61843,766.295688,766.6750488000001,766.7172,0.805,0.635,736.36159,4.63,2.54,4.18,1.3590307,3280.0,720.0,29360128000.0,2684354560.0,22.46676,13.70469,40.0,11.422287499999992,13.74154891836251,0.82,0.561669,413.93266934444995,0.561669
flexgen,ttft,mixtral-8x7b,fp16,128,1,1,1,40,5,971.57525,1027.417715,1049.899011,1058.4616911,1059.4131,0.8242,0.651,974.9477475,4.63,2.54,4.18,1.02534485,3280.0,720.0,29360128000.0,2684354560.0,27.26098,16.62921,40.0,11.80883000000001,15.65305727271833,0.82,0.6815245,662.152336468625,0.6815245
flexgen,ttft,vit-h14,fp16,128,1,1,1,40,5,225.1939,236.61422,242.15112799999997,243.29356280000005,243.4205,0.7636,0.6005,226.18965250000002,4.63,2.54,4.18,4.412021475,3280.0,720.0,29360128000.0,2684354560.0,12.2859,7.49441,40.0,3.1558375000000027,3.9448894183170737,0.82,0.3071475,69.16774340025,0.3071475
neo,continuation,gpt-j-6b,fp16,128,1,1,1,40,5,26.098399999999998,27.288614999999997,27.493651,27.5108851,27.5128,0.8626000000000001,0.678,26.0681575,5.09,2.82,3.34,38.384229975,3440.0,560.0,29360128000.0,2684354560.0,8.59761,5.24454,40.0,0.4083050000000002,0.4940204130397853,0.86,0.21494025,5.6095966206,0.21494025
neo,continuation,llama3-8b,fp16,128,1,1,1,40,5,31.492849999999997,32.39062,32.91833,33.045743,33.0599,0.8686,0.683,31.5409275,5.09,2.82,3.34,31.66904445,3440.0,560.0,29360128000.0,2684354560.0,8.71219,5.31445,40.0,0.4988974999999998,0.6247606227588289,0.86,0.21780475,6.859292321037499,0.21780475
neo,continuation,llama4-17b,fp16,128,1,1,1,40,5,56.6809,58.007305,58.230861,58.3572561,58.3713,0.8949999999999999,0.705,56.441542500000004,5.09,2.82,3.34,17.6523881,3440.0,560.0,29360128000.0,2684354560.0,9.23321,5.63225,40.0,0.7790425000000001,1.0006963019567927,0.86,0.23083025,13.083666317225,0.23083025
neo,continuation,mixtral-8x7b,fp16,128,1,1,1,40,5,74.4642,78.54010000000001,82.324764,84.37895640000004,84.6072,0.9141999999999999,0.721,74.694685,5.09,2.82,3.34,13.341633175000002,3440.0,560.0,29360128000.0,2684354560.0,9.61453,5.86488,40.0,1.079455,1.321283741669442,0.86,0.24036325,17.89845712065,0.24036325
neo,continuation,vit-h14,fp16,128,1,1,1,40,5,17.652250000000002,18.133570000000002,18.305525000000003,18.373092500000002,18.3806,0.8535999999999999,0.6705,17.507962499999998,5.09,2.82,3.34,56.708780725,3440.0,560.0,29360128000.0,2684354560.0,8.42248,5.13774,40.0,0.2651950000000003,0.3172249272992277,0.86,0.210562,3.7168930645000002,0.210562
neo,generation,gpt-j-6b,fp16,128,128,1,1,40,5,1539.71265,1595.56377,1739.065294,1815.2552494000013,1823.7208,0.8626000000000001,0.678,1556.060865,5.09,2.82,3.34,82.60466505,3440.0,560.0,29360128000.0,2684354560.0,40.27957,24.57055,5120.0,27.722287499999993,33.698471817127704,0.86,1.00698925,1550.4740866390123,0.007867103515625
neo,generation,llama3-8b,fp16,128,128,1,1,40,5,1875.8446,1940.550425,1993.24868,2022.0299780000005,2025.2279,0.8686,0.683,1879.562025,5.09,2.82,3.34,68.003975575,3440.0,560.0,29360128000.0,2684354560.0,47.17329,28.77571,5120.0,26.11320999999998,33.03116228951078,0.86,1.17933225,2212.24403276835,0.009213533203125
neo,generation,llama4-17b,fp16,128,128,1,1,40,5,3370.2220500000003,3554.8688199999997,3571.667012,3576.9387512000003,3577.5245,0.8949999999999999,0.705,3412.842845,5.09,2.82,3.34,37.730795975,3440.0,560.0,29360128000.0,2684354560.0,78.56956,47.92748,5120.0,51.93459249999997,61.622175978625975,0.86,1.9642389999999998,6619.92158926995,0.015345617187499999
neo,generation,mixtral-8x7b,fp16,128,128,1,1,40,5,4410.12645,4508.6419,4584.806101,4610.651670100001,4613.5234,0.9141999999999999,0.721,4408.31065,5.09,2.82,3.34,29.0291493,3440.0,560.0,29360128000.0,2684354560.0,99.68816,60.80978,5120.0,61.44952000000005,72.80734573926601,0.86,2.492204,10990.934779195799,0.01947034375
neo,generation,vit-h14,fp16,128,128,1,1,40,5,1036.4098,1084.594365,1111.942889,1124.3945789000004,1125.7781,0.8535999999999999,0.6705,1035.5436125,5.09,2.82,3.34,123.6206412,3440.0,560.0,29360128000.0,2684354560.0,29.58239,18.04527,5120.0,18.70542500000001,21.019123513446047,0.86,0.73955975,766.4869725855499,0.005777810546875
neo,scoring,gpt-j-6b,fp16,128,0,1,1,40,5,112.8783,115.72885,116.55777499999999,117.01670750000001,117.0677,0.8626000000000001,0.678,112.1316425,5.09,2.82,3.34,8.89039765,3440.0,560.0,29360128000.0,2684354560.0,10.39378,6.3402,40.0,1.4294350000000011,1.9956040033032618,0.86,0.2598445,29.330805424349997,0.2598445
neo,scoring,llama3-8b,fp16,128,0,1,1,40,5,136.21335,141.27839999999998,143.15478199999998,143.41669819999998,143.4458,0.8686,0.683,136.9395025,5.09,2.82,3.34,7.302033075,3440.0,560.0,29360128000.0,2684354560.0,10.90214,6.6503,40.0,2.4703124999999964,2.967487226130885,0.86,0.2725535,37.125425289225,0.2725535
neo,scoring,llama4-17b,fp16,128,0,1,1,40,5,244.18040000000002,253.74575,255.94359200000002,256.0619492,256.0751,0.8949999999999999,0.705,245.03185,5.09,2.82,3.34,4.0771786,3440.0,560.0,29360128000.0,2684354560.0,13.15374,8.02381,40.0,3.1808624999999986,3.930581951728012,0.86,0.3288435,80.29713736740001,0.3288435
neo,scoring,mixtral-8x7b,fp16,128,0,1,1,40,5,323.5683,333.90722500000004,340.59917600000006,341.9721476,342.1247,0.9141999999999999,0.721,322.9044125,5.09,2.82,3.34,3.095216275,3440.0,560.0,29360128000.0,2684354560.0,14.7705,9.01,40.0,4.743259999999999,5.4901704473996045,0.86,0.3692625,119.48163937875,0.3692625
neo,scoring,vit-h14,fp16,128,0,1,1,40,5,75.46735000000001,79.09317499999999,79.465218,79.6139718,79.6305,0.8535999999999999,0.6705,76.08819,5.09,2.82,3.34,13.225658874999999,3440.0,560.0,29360128000.0,2684354560.0,9.62759,5.87282,40.0,0.9940925000000004,1.2005528848201565,0.86,0.24068974999999998,18.1642176046625,0.24068974999999998
neo,ttft,gpt-j-6b,fp16,128,1,1,1,40,5,296.2454,307.77696,323.16742899999997,324.56753290000006,324.7231,0.8626000000000001,0.678,299.174435,5.09,2.82,3.34,3.352392675,3440.0,560.0,29360128000.0,2684354560.0,14.25653,8.69647,40.0,4.3833775,5.2602902202017345,0.86,0.35641325,105.58578581155001,0.35641325
neo,ttft,llama3-8b,fp16,128,1,1,1,40,5,365.21925,387.366735,394.312002,394.98880020000007,395.064,0.8686,0.683,366.45543250000003,5.09,2.82,3.34,2.729171925,3440.0,560.0,29360128000.0,2684354560.0,15.67498,9.56172,40.0,5.347052499999997,7.047940418111515,0.86,0.3918745,143.120110984125,0.3918745
neo,ttft,llama4-17b,fp16,128,1,1,1,40,5,647.85805,681.7541349999999,732.408022,761.0602222000005,764.2438,0.8949999999999999,0.705,652.619425,5.09,2.82,3.34,1.531088325,3440.0,560.0,29360128000.0,2684354560.0,21.6396,13.20016,40.0,8.520812499999996,10.29037659688653,0.86,0.5409900000000001,350.48472646950006,0.5409900000000001
neo,ttft,mixtral-8x7b,fp16,128,1,1,1,40,5,848.66295,872.59125,883.386268,888.4121668000001,888.9706,0.9141999999999999,0.721,853.90595,5.09,2.82,3.34,1.1741671,3440.0,560.0,29360128000.0,2684354560.0,25.75338,15.70954,40.0,12.111012499999992,14.796195970375281,0.86,0.6438345,546.398486081775,0.6438345
neo,ttft,vit-h14,fp16,128,1,1,1,40,5,198.5736,204.90088,206.142281,206.8415081,206.9192,0.8535999999999999,0.6705,198.7361575,5.09,2.82,3.34,5.0303174749999995,3440.0,560.0,29360128000.0,2684354560.0,12.187149999999999,7.43416,40.0,2.852102500000001,3.435513206603928,0.86,0.30467875,60.501156230999996,0.30467875
ramses,continuation,gpt-j-6b,fp16,128,1,1,1,40,5,21.5545,22.096365,22.212454,22.212945400000002,22.213,0.9976,0.783,21.552960000000002,5.78,3.2400000000000007,2.08,46.341501075,3680.0,320.0,29360128000.0,2684354560.0,8.98581,5.48131,40.0,0.2462649999999999,0.36288518914389445,0.92,0.22464525000000002,4.842116041125,0.22464525000000002
ramses,continuation,llama3-8b,fp16,128,1,1,1,40,5,25.96895,26.769105,27.717318,28.181971800000007,28.2336,1.0036,0.788,25.9376625,5.78,3.2400000000000007,2.08,38.508959175,3680.0,320.0,29360128000.0,2684354560.0,9.08228,5.54022,40.0,0.34174249999999995,0.44718828221454976,0.92,0.227057,5.89643188015,0.227057
ramses,continuation,llama4-17b,fp16,128,1,1,1,40,5,46.75255,48.560825,49.368924,49.76148240000001,49.8051,1.03,0.8100000000000002,46.982997499999996,5.78,3.2400000000000007,2.08,21.351229875,3680.0,320.0,29360128000.0,2684354560.0,9.54062,5.81976,40.0,0.6544350000000001,0.7942154792623974,0.92,0.23851550000000002,11.151207839525,0.23851550000000002
ramses,continuation,mixtral-8x7b,fp16,128,1,1,1,40,5,62.281499999999994,63.99521,65.316319,65.54724190000002,65.5729,1.0492,0.826,62.3686425,5.78,3.2400000000000007,2.08,16.017832125,3680.0,320.0,29360128000.0,2684354560.0,9.88289,6.02855,40.0,0.9329899999999999,1.139604143332236,0.92,0.24707225,15.388030338374998,0.24707225
ramses,continuation,vit-h14,fp16,128,1,1,1,40,5,14.68705,15.344935,15.656047,15.765804700000002,15.778,0.9886000000000001,0.7755,14.6781975,5.78,3.2400000000000007,2.08,67.90708685,3680.0,320.0,29360128000.0,2684354560.0,8.83539,5.38957,40.0,0.2452424999999999,0.30788548236316693,0.92,0.22088475000000002,3.2441453674875,0.22088475000000002
ramses,generation,gpt-j-6b,fp16,128,128,1,1,40,5,1273.2934,1317.1679299999998,1331.028194,1333.9117994,1334.2322,0.9976,0.783,1277.49794,5.78,3.2400000000000007,2.08,100.39484245,3680.0,320.0,29360128000.0,2684354560.0,36.51118,22.27184,5120.0,20.47333999999997,24.41089705288396,0.92,0.9127795000000001,1162.2361130053,0.007131089843750001
ramses,generation,llama3-8b,fp16,128,128,1,1,40,5,1559.00985,1646.0597,1677.2505879999999,1694.7236488,1696.6651,1.0036,0.788,1568.6511575,5.78,3.2400000000000007,2.08,81.84000125,3680.0,320.0,29360128000.0,2684354560.0,42.86507,26.14771,5120.0,18.177407499999987,23.347116332916773,0.92,1.07162675,1670.6766587734876,0.008372083984375
ramses,generation,llama4-17b,fp16,128,128,1,1,40,5,2761.84985,2829.94112,2867.484339,2888.6320539000003,2890.9818,1.03,0.8100000000000002,2755.753945,5.78,3.2400000000000007,2.08,46.289920775,3680.0,320.0,29360128000.0,2684354560.0,69.22958,42.23004,5120.0,40.15596250000002,47.88522607461251,0.92,1.7307394999999999,4780.042628464074,0.013521402343749999
ramses,generation,mixtral-8x7b,fp16,128,128,1,1,40,5,3606.41245,3694.862945,3700.884427,3703.9278427,3704.266,1.0492,0.826,3602.809585,5.78,3.2400000000000007,2.08,35.429280075,3680.0,320.0,29360128000.0,2684354560.0,87.83605,53.58002,5120.0,38.67373500000001,49.82082017161102,0.92,2.19590125,7919.325606970562,0.017155478515625
ramses,generation,vit-h14,fp16,128,128,1,1,40,5,850.29885,881.10607,889.2273600000001,891.6092460000001,891.8739,0.9886000000000001,0.7755,851.0913425000001,5.78,3.2400000000000007,2.08,150.05223895,3680.0,320.0,29360128000.0,2684354560.0,27.24316,16.61832,5120.0,11.456997500000005,14.728018380208185,0.92,0.681079,579.12069045915,0.0053209296875
ramses,scoring,gpt-j-6b,fp16,128,0,1,1,40,5,93.05315,96.235575,98.13225,98.63242500000001,98.688,0.9976,0.783,92.7559525,5.78,3.2400000000000007,2.08,10.804506499999999,3680.0,320.0,29360128000.0,2684354560.0,10.54508,6.43251,40.0,1.2994449999999993,1.6396531965632246,0.92,0.263627,24.53132277505,0.263627
ramses,scoring,llama3-8b,fp16,128,0,1,1,40,5,112.64015,117.12942,119.20977099999999,119.7998371,119.8654,1.0036,0.788,112.59751000000001,5.78,3.2400000000000007,2.08,8.857917474999999,3680.0,320.0,29360128000.0,2684354560.0,10.99107,6.70454,40.0,1.4521200000000012,1.7135816124421979,0.92,0.27477675,30.950894336512505,0.27477675
ramses,scoring,llama4-17b,fp16,128,0,1,1,40,5,199.25279999999998,206.867635,229.25026599999995,240.65095660000017,241.9177,1.03,0.8100000000000002,199.79861499999998,5.78,3.2400000000000007,2.08,4.99546845,3680.0,320.0,29360128000.0,2684354560.0,12.9117,7.87613,40.0,2.657272500000002,3.2746041087053586,0.92,0.3227925,64.31730944399999,0.3227925
ramses,scoring,mixtral-8x7b,fp16,128,0,1,1,40,5,266.56714999999997,289.00330999999994,317.247052,323.85048520000015,324.5842,1.0492,0.826,268.9451275,5.78,3.2400000000000007,2.08,3.7068568749999997,3680.0,320.0,29360128000.0,2684354560.0,14.44477,8.8113,40.0,3.421124999999994,4.400267398749756,0.92,0.36111925,96.26252928263749,0.36111925
ramses,scoring,vit-h14,fp16,128,0,1,1,40,5,61.948,65.865745,66.461655,66.5372955,66.5457,0.9886000000000001,0.7755,62.192567499999996,5.78,3.2400000000000007,2.08,16.047056225,3680.0,320.0,29360128000.0,2684354560.0,9.88072,6.02723,40.0,0.8843775,1.0812105207821467,0.92,0.24701800000000002,15.302271064000001,0.24701800000000002
ramses,ttft,gpt-j-6b,fp16,128,1,1,1,40,5,245.27679999999998,260.46485,264.4552,265.95046,266.1166,0.9976,0.783,246.8095625,5.78,3.2400000000000007,2.08,4.066070425,3680.0,320.0,29360128000.0,2684354560.0,13.91424,8.48769,40.0,3.0646374999999977,4.006637302807676,0.92,0.347856,85.3210065408,0.347856
ramses,ttft,llama3-8b,fp16,128,1,1,1,40,5,295.39955,302.23542499999996,303.49208799999997,303.7240288,303.7498,1.0036,0.788,296.5914925,5.78,3.2400000000000007,2.08,3.397679625,3680.0,320.0,29360128000.0,2684354560.0,14.97487,9.13466,40.0,4.373290000000002,5.704843363230935,0.92,0.37437175,110.5892464827125,0.37437175
ramses,ttft,llama4-17b,fp16,128,1,1,1,40,5,528.16975,546.27072,553.498741,555.9094441,556.1773,1.03,0.8100000000000002,528.847385,5.78,3.2400000000000007,2.08,1.8920284250000001,3680.0,320.0,29360128000.0,2684354560.0,20.11831,12.27218,40.0,8.82279999999999,10.802036786828674,0.92,0.50295775,265.6470690780625,0.50295775
ramses,ttft,mixtral-8x7b,fp16,128,1,1,1,40,5,695.89995,717.8176149999999,724.178409,727.7891109000001,728.1903,1.0492,0.826,700.0722724999999,5.78,3.2400000000000007,2.08,1.4324559000000001,3680.0,320.0,29360128000.0,2684354560.0,23.84028,14.54254,40.0,9.737562499999996,12.000431925403763,0.92,0.596007,414.76124149964994,0.596007
ramses,ttft,vit-h14,fp16,128,1,1,1,40,5,164.1014,171.492945,173.67118600000003,174.45833860000002,174.5458,0.9886000000000001,0.7755,164.08566000000002,5.78,3.2400000000000007,2.08,6.0742787,3680.0,320.0,29360128000.0,2684354560.0,12.12744,7.39775,40.0,2.4310625000000003,2.7848240542716516,0.92,0.303186,49.75324706040001,0.303186
ramses_policy_off,continuation,gpt-j-6b,fp16,128,1,1,1,40,5,24.1262,24.85381,25.816615999999996,26.232761600000007,26.279,1.0426,0.818,24.27225,6.01,3.38,1.6599999999999997,41.43339585,3760.0,240.0,29360128000.0,2684354560.0,9.20355,5.61416,40.0,0.33962499999999973,0.4094121022881465,0.94,0.23008875,5.55116720025,0.23008875
ramses_policy_off,continuation,llama3-8b,fp16,128,1,1,1,40,5,29.18235,30.365640000000003,30.510882000000002,30.530608200000003,30.5328,1.0486,0.8230000000000001,29.306307500000003,6.01,3.38,1.6599999999999997,34.170412049999996,3760.0,240.0,29360128000.0,2684354560.0,9.31817,5.68406,40.0,0.4303374999999997,0.531729451177946,0.94,0.23295425,6.7981524574875,0.23295425
ramses_policy_off,continuation,llama4-17b,fp16,128,1,1,1,40,5,52.1798,53.863555000000005,54.62492300000001,55.023062300000014,55.0673,1.075,0.845,52.4807575,6.01,3.38,1.6599999999999997,19.1143871,3760.0,240.0,29360128000.0,2684354560.0,9.83333,5.99833,40.0,0.7477075000000004,0.9218409652700412,0.94,0.24583325,12.82752981835,0.24583325
ramses_policy_off,continuation,mixtral-8x7b,fp16,128,1,1,1,40,5,69.24125000000001,71.64655499999999,73.776501,74.76425010000001,74.874,1.0942,0.861,69.508445,6.01,3.38,1.6599999999999997,14.38406195,3760.0,240.0,29360128000.0,2684354560.0,10.21791,6.23293,40.0,0.9333300000000012,1.1296806384992184,0.94,0.25544775,17.6875215196875,0.25544775
ramses_policy_off,continuation,vit-h14,fp16,128,1,1,1,40,5,16.167299999999997,17.13759,17.521269,17.624076900000002,17.6355,1.0336,0.8105,16.305439999999997,6.01,3.38,1.6599999999999997,61.366280474999996,3760.0,240.0,29360128000.0,2684354560.0,9.02837,5.50729,40.0,0.1989350000000003,0.2554737804550597,0.94,0.22570925000000003,3.649109157525,0.22570925000000003
ramses_policy_off,generation,gpt-j-6b,fp16,128,128,1,1,40,5,1435.38575,1488.4368049999998,1506.74111,1507.499621,1507.5839,1.0426,0.818,1441.28586,6.01,3.38,1.6599999999999997,88.85580695,3760.0,240.0,29360128000.0,2684354560.0,40.86543,24.92791,5120.0,22.448497499999984,26.345627042077574,0.94,1.0216357500000002,1466.4413972405628,0.007981529296875001
ramses_policy_off,generation,llama3-8b,fp16,128,128,1,1,40,5,1737.7458499999998,1815.9787299999998,1862.5283020000002,1872.6821002000004,1873.8103,1.0486,0.8230000000000001,1745.3396225000001,6.01,3.38,1.6599999999999997,73.403700625,3760.0,240.0,29360128000.0,2684354560.0,47.64748,29.06497,5120.0,24.76913750000001,33.003777121236446,0.94,1.191187,2069.9802658239496,0.0093061484375
ramses_policy_off,generation,llama4-17b,fp16,128,128,1,1,40,5,3079.8757,3171.72364,3190.004829,3199.9517828999997,3201.057,1.075,0.845,3102.25426,6.01,3.38,1.6599999999999997,41.3955963,3760.0,240.0,29360128000.0,2684354560.0,77.76869,47.438900000000004,5120.0,46.044582499999976,55.64112836802241,0.94,1.9442172500000001,5987.947463795826,0.015189197265625001
ramses_policy_off,generation,mixtral-8x7b,fp16,128,128,1,1,40,5,4093.05195,4266.2621,4286.342558,4288.4653358000005,4288.7012,1.0942,0.861,4115.60286,6.01,3.38,1.6599999999999997,31.238790975,3760.0,240.0,29360128000.0,2684354560.0,100.26147,61.1595,5120.0,47.38106750000005,59.45097519287431,0.94,2.50653675,10259.385132334162,0.019582318359375
ramses_policy_off,generation,vit-h14,fp16,128,128,1,1,40,5,961.2569,1005.30931,1005.587221,1005.6595621,1005.6676,1.0336,0.8105,967.8285599999999,6.01,3.38,1.6599999999999997,132.59331292500002,3760.0,240.0,29360128000.0,2684354560.0,30.24252,18.44792,5120.0,12.950485,16.27907756631192,0.94,0.7560629999999999,726.7707755846999,0.0059067421874999994
ramses_policy_off,scoring,gpt-j-6b,fp16,128,0,1,1,40,5,103.37545,108.42711000000001,109.035709,109.0381309,109.0384,1.0426,0.818,103.0925375,6.01,3.38,1.6599999999999997,9.65374555,3760.0,240.0,29360128000.0,2684354560.0,10.979940000000001,6.69777,40.0,1.6118800000000006,2.0101326237340675,0.94,0.27449850000000003,28.376405961825004,0.27449850000000003
ramses_policy_off,scoring,llama3-8b,fp16,128,0,1,1,40,5,126.51945,131.601175,145.31903799999998,151.22840380000008,151.885,1.0486,0.8230000000000001,127.09284749999999,6.01,3.38,1.6599999999999997,7.8732511,3760.0,240.0,29360128000.0,2684354560.0,11.50525,7.01821,40.0,1.9012225000000018,2.4728070614688105,0.94,0.28763125,36.390947552812506,0.28763125
ramses_policy_off,scoring,llama4-17b,fp16,128,0,1,1,40,5,226.61214999999999,236.98740999999998,242.23418199999998,244.42659820000003,244.6702,1.075,0.845,227.02498,6.01,3.38,1.6599999999999997,4.40839505,3760.0,240.0,29360128000.0,2684354560.0,13.735619999999999,8.37874,40.0,3.994210000000001,4.747320497133095,0.94,0.3433905,77.81645949457499,0.3433905
ramses_policy_off,scoring,mixtral-8x7b,fp16,128,0,1,1,40,5,296.64795,311.48262,320.67945699999996,322.16548570000003,322.3306,1.0942,0.861,297.834705,6.01,3.38,1.6599999999999997,3.350757875,3760.0,240.0,29360128000.0,2684354560.0,15.33632,9.35518,40.0,4.717949999999999,5.467606061659893,0.94,0.383408,113.7371972136,0.383408
ramses_policy_off,scoring,vit-h14,fp16,128,0,1,1,40,5,70.23565,73.03541,73.59737,73.606847,73.6079,1.0336,0.8105,70.54116250000001,6.01,3.38,1.6599999999999997,14.215328,3760.0,240.0,29360128000.0,2684354560.0,10.23646,6.24421,40.0,0.9402700000000014,1.157070734441073,0.94,0.25591149999999996,17.974110544974998,0.25591149999999996
ramses_policy_off,ttft,gpt-j-6b,fp16,128,1,1,1,40,5,279.10855,290.26339499999995,294.882529,296.4581329,296.6332,1.0426,0.818,278.61063,6.01,3.38,1.6599999999999997,3.576759825,3760.0,240.0,29360128000.0,2684354560.0,14.91408,9.09759,40.0,4.287357500000003,5.243019667209919,0.94,0.372852,104.0661810846,0.372852
ramses_policy_off,ttft,llama3-8b,fp16,128,1,1,1,40,5,333.4788,343.42706999999996,349.77560700000004,350.8597407000001,350.9802,1.0486,0.8230000000000001,333.361785,6.01,3.38,1.6599999999999997,2.99475465,3760.0,240.0,29360128000.0,2684354560.0,16.12745,9.83774,40.0,4.997439999999999,5.6788280037785945,0.94,0.40318624999999997,134.45406682649997,0.40318624999999997
ramses_policy_off,ttft,llama4-17b,fp16,128,1,1,1,40,5,590.8327,621.425575,640.82701,645.565861,646.0924,1.075,0.845,594.5710750000001,6.01,3.38,1.6599999999999997,1.683416425,3760.0,240.0,29360128000.0,2684354560.0,21.9451,13.38652,40.0,9.37799250000001,11.678703623658325,0.94,0.5486275,324.14706711925004,0.5486275
ramses_policy_off,ttft,mixtral-8x7b,fp16,128,1,1,1,40,5,792.9946500000001,828.63229,839.740708,842.7883707999999,843.127,1.0942,0.861,797.45513,6.01,3.38,1.6599999999999997,1.2609950749999999,3760.0,240.0,29360128000.0,2684354560.0,26.3932,16.09987,40.0,10.255122499999993,13.616328547730843,0.94,0.65983,523.2416599095001,0.65983
ramses_policy_off,ttft,vit-h14,fp16,128,1,1,1,40,5,185.95155,190.44849499999998,197.63727699999998,200.77019770000007,201.1183,1.0336,0.8105,186.99091249999998,6.01,3.38,1.6599999999999997,5.36493995,3760.0,240.0,29360128000.0,2684354560.0,12.83029,7.82652,40.0,2.4390275000000026,2.922136381356972,0.94,0.32075725,59.6453078112375,0.32075725
specoffload,continuation,gpt-j-6b,fp16,128,1,1,1,40,5,24.5091,25.922559999999997,25.999245000000002,26.039434500000002,26.0439,0.9076000000000001,0.713,24.778695,5.32,2.96,2.92,40.458027825,3520.0,480.0,29360128000.0,2684354560.0,8.73148,5.32621,40.0,0.3793674999999997,0.4611156018288684,0.88,0.21828699999999998,5.350017911699999,0.21828699999999998
specoffload,continuation,llama3-8b,fp16,128,1,1,1,40,5,30.410449999999997,32.081235,34.189836,34.72602360000001,34.7856,0.9136,0.718,30.5669725,5.32,2.96,2.92,32.697696824999994,3520.0,480.0,29360128000.0,2684354560.0,8.85604,5.40218,40.0,0.4752549999999999,0.634319337163861,0.88,0.22140100000000001,6.73290404045,0.22140100000000001
specoffload,continuation,llama4-17b,fp16,128,1,1,1,40,5,53.93515,56.293155,57.988027,58.4094727,58.4563,0.9399999999999998,0.74,53.91790999999999,5.32,2.96,2.92,18.490893825,3520.0,480.0,29360128000.0,2684354560.0,9.35342,5.70557,40.0,0.7379250000000006,0.9276225784229278,0.88,0.2338355,12.611952767825,0.2338355
specoffload,continuation,mixtral-8x7b,fp16,128,1,1,1,40,5,70.95009999999999,76.687355,77.401389,77.69794890000001,77.7309,0.9592,0.756,71.73776000000001,5.32,2.96,2.92,13.948266899999998,3520.0,480.0,29360128000.0,2684354560.0,9.72728,5.93366,40.0,1.0759350000000008,1.362889702433767,0.88,0.243182,17.2537872182,0.243182
specoffload,continuation,vit-h14,fp16,128,1,1,1,40,5,16.7307,17.50672,18.160412,18.52868120000001,18.5696,0.8985999999999998,0.7055,16.828,5.32,2.96,2.92,59.44739455,3520.0,480.0,29360128000.0,2684354560.0,8.56431,5.22426,40.0,0.24186000000000032,0.33081982860765774,0.88,0.21410775,3.582172532925,0.21410775
specoffload,generation,gpt-j-6b,fp16,128,128,1,1,40,5,1459.93805,1522.392745,1529.898962,1532.4486962,1532.732,0.9076000000000001,0.713,1454.9579525,5.32,2.96,2.92,87.600756975,3520.0,480.0,29360128000.0,2684354560.0,39.15087,23.882,5120.0,20.226307500000008,24.989613861347493,0.88,0.9787717499999999,1428.9461200900873,0.0076466542968749995
specoffload,generation,llama3-8b,fp16,128,128,1,1,40,5,1768.5421000000001,1858.80307,1901.655581,1923.7236881000003,1926.1757,0.9136,0.718,1776.1883225000001,5.32,2.96,2.92,72.0295297,3520.0,480.0,29360128000.0,2684354560.0,45.84073,27.96283,5120.0,24.770512500000013,31.196087255868335,0.88,1.14601825,2026.7815224933252,0.008953267578125
specoffload,generation,llama4-17b,fp16,128,128,1,1,40,5,3187.56025,3367.738875,3414.9150290000002,3424.7040329000006,3425.7917,0.9399999999999998,0.74,3193.2176974999998,5.32,2.96,2.92,40.19183475,3520.0,480.0,29360128000.0,2684354560.0,75.68888,46.17021,5120.0,49.09017250000003,60.82443939420446,0.88,1.8922219999999998,6031.571631375499,0.014782984374999999
specoffload,generation,mixtral-8x7b,fp16,128,128,1,1,40,5,4244.41565,4589.14484,4760.128949,4812.329984900001,4818.1301,0.9592,0.756,4289.1878400000005,5.32,2.96,2.92,29.904370999999998,3520.0,480.0,29360128000.0,2684354560.0,98.92206,60.34245,5120.0,61.98638250000003,74.45954311351738,0.88,2.4730515,10496.658489855974,0.01932071484375
specoffload,generation,vit-h14,fp16,128,128,1,1,40,5,977.1131,1021.1103249999999,1055.80884,1064.4939840000002,1065.459,0.8985999999999998,0.7055,982.0988300000001,5.32,2.96,2.92,130.33626445,3520.0,480.0,29360128000.0,2684354560.0,29.00679,17.69414,5120.0,11.699242499999992,15.42025700096305,0.88,0.72516975,708.572862448725,0.005665388671875
specoffload,scoring,gpt-j-6b,fp16,128,0,1,1,40,5,107.17320000000001,109.94650999999999,111.43601199999999,112.1377312,112.2157,0.9076000000000001,0.713,107.31854000000001,5.32,2.96,2.92,9.344006675,3520.0,480.0,29360128000.0,2684354560.0,10.47431,6.3892999999999995,40.0,1.6082150000000006,1.8931920708158494,0.88,0.26185775,28.0641330123,0.26185775
specoffload,scoring,llama3-8b,fp16,128,0,1,1,40,5,130.00395,133.74084499999998,135.679132,136.5184432,136.6117,0.9136,0.718,129.87916,5.32,2.96,2.92,7.700951625,3520.0,480.0,29360128000.0,2684354560.0,10.95767,6.6842,40.0,1.7772175000000001,2.116474628893529,0.88,0.27394175,35.6135095699125,0.27394175
specoffload,scoring,llama4-17b,fp16,128,0,1,1,40,5,230.33044999999998,237.09994999999998,244.974347,249.26100470000006,249.7373,0.9399999999999998,0.74,230.40964250000002,5.32,2.96,2.92,4.33014945,3520.0,480.0,29360128000.0,2684354560.0,13.09857,7.99012,40.0,2.904527500000004,3.614308012642257,0.88,0.32746425,75.42498806141249,0.32746425
specoffload,scoring,mixtral-8x7b,fp16,128,0,1,1,40,5,305.76395,320.628835,326.054377,326.3792977,326.4154,0.9592,0.756,305.51276,5.32,2.96,2.92,3.2608666499999996,3520.0,480.0,29360128000.0,2684354560.0,14.70276,8.96865,40.0,4.595005000000005,5.3356532771536065,0.88,0.367569,112.38934933755,0.367569
specoffload,scoring,vit-h14,fp16,128,0,1,1,40,5,72.12095,74.79817,79.517774,81.99000740000005,82.2647,0.8985999999999998,0.7055,72.007835,5.32,2.96,2.92,13.8275643,3520.0,480.0,29360128000.0,2684354560.0,9.73995,5.94136,40.0,0.8137250000000009,0.9859374006497587,0.88,0.24349875,17.5613611738125,0.24349875
specoffload,ttft,gpt-j-6b,fp16,128,1,1,1,40,5,279.37365,289.99474,294.61003700000003,295.9970837,296.1512,0.9076000000000001,0.713,280.73562000000004,5.32,2.96,2.92,3.5643030500000004,3520.0,480.0,29360128000.0,2684354560.0,14.14848,8.63062,40.0,3.652262500000006,4.582131049659103,0.88,0.35371199999999997,98.81781248879999,0.35371199999999997
specoffload,ttft,llama3-8b,fp16,128,1,1,1,40,5,345.47839999999997,356.09215,356.908409,357.0091109,357.0203,0.9136,0.718,345.441805,5.32,2.96,2.92,2.90429715,3520.0,480.0,29360128000.0,2684354560.0,15.49945,9.45464,40.0,4.738694999999995,5.759410169756963,0.88,0.38748625,133.86812967199998,0.38748625
specoffload,ttft,llama4-17b,fp16,128,1,1,1,40,5,610.6069,627.27297,634.3616959999999,634.9807195999999,635.0495,0.9399999999999998,0.74,608.9023374999999,5.32,2.96,2.92,1.63802175,3520.0,480.0,29360128000.0,2684354560.0,21.13409,12.891770000000001,40.0,8.930080000000007,11.082253507928796,0.88,0.52835225,322.61552948052497,0.52835225
specoffload,ttft,mixtral-8x7b,fp16,128,1,1,1,40,5,813.5659,839.5142800000001,852.869871,859.1742171000001,859.8747,0.9592,0.756,810.86899,5.32,2.96,2.92,1.229906525,3520.0,480.0,29360128000.0,2684354560.0,25.42528,15.50947,40.0,8.790272499999991,10.546169698722375,0.88,0.635632,517.1285201488,0.635632
specoffload,ttft,vit-h14,fp16,128,1,1,1,40,5,190.3882,198.218375,200.411146,200.7405946,200.7772,0.8985999999999998,0.7055,191.015445,5.32,2.96,2.92,5.2303144,3520.0,480.0,29360128000.0,2684354560.0,12.25707,7.47685,40.0,2.6641674999999987,3.3179358802198062,0.88,0.30642675,58.34003736435001,0.30642675
swapadvisor,continuation,gpt-j-6b,fp16,128,1,1,1,40,5,28.50975,30.445510000000002,31.056836,31.396463600000008,31.4342,0.8176,0.643,28.634114999999998,4.86,2.68,3.7599999999999993,34.958453375,3360.0,640.0,29360128000.0,2684354560.0,8.487729999999999,5.17752,40.0,0.4165350000000002,0.5051153422734259,0.84,0.21219324999999997,6.049576509187499,0.21219324999999997
swapadvisor,continuation,llama3-8b,fp16,128,1,1,1,40,5,33.9231,35.29775,35.582706,35.651010600000006,35.6586,0.8236000000000001,0.648,34.0697025,4.86,2.68,3.7599999999999993,29.424732425000002,3360.0,640.0,29360128000.0,2684354560.0,8.597010000000001,5.24418,40.0,0.5252050000000006,0.6064726420045682,0.84,0.21492525,7.290930748275,0.21492525
swapadvisor,continuation,llama4-17b,fp16,128,1,1,1,40,5,61.045950000000005,62.509085,62.756372,62.7687272,62.7701,0.85,0.67,61.16028,4.86,2.68,3.7599999999999993,16.36447465,3360.0,640.0,29360128000.0,2684354560.0,9.14989,5.58142,40.0,0.8054549999999996,1.0075228260441544,0.84,0.22874724999999999,13.9640931861375,0.22874724999999999
swapadvisor,continuation,mixtral-8x7b,fp16,128,1,1,1,40,5,80.5211,83.00167499999999,84.223303,84.38206029999999,84.3997,0.8692,0.686,80.5086225,4.86,2.68,3.7599999999999993,12.417468625000001,3360.0,640.0,29360128000.0,2684354560.0,9.54607,5.8231,40.0,1.004497499999999,1.2499657036295022,0.84,0.23865175,19.216501426925,0.23865175
swapadvisor,continuation,vit-h14,fp16,128,1,1,1,40,5,18.87885,19.58044,20.18838,20.457948000000005,20.4879,0.8086,0.6355,18.86661,4.86,2.68,3.7599999999999993,52.785779375000004,3360.0,640.0,29360128000.0,2684354560.0,8.29033,5.05709,40.0,0.24669250000000015,0.298056126845264,0.84,0.20725825000000003,3.9127974130125005,0.20725825000000003
swapadvisor,generation,gpt-j-6b,fp16,128,128,1,1,40,5,1662.1545,1729.92474,1755.8351510000002,1761.1524851000004,1761.7433,0.8176,0.643,1664.141905,4.86,2.68,3.7599999999999993,76.81910715000001,3360.0,640.0,29360128000.0,2684354560.0,41.880539999999996,25.54714,5120.0,18.6918925,23.242057564526213,0.84,1.0470134999999998,1740.2982005857498,0.008179792968749999
swapadvisor,generation,llama3-8b,fp16,128,128,1,1,40,5,2004.0194000000001,2076.791165,2123.53669,2135.200069,2136.496,0.8236000000000001,0.648,2012.3092625000002,4.86,2.68,3.7599999999999993,63.765946650000004,3360.0,640.0,29360128000.0,2684354560.0,48.84362,29.794620000000002,5120.0,30.731847499999986,36.67389321375286,0.84,1.2210905,2447.0890511557004,0.00953976953125
swapadvisor,generation,llama4-17b,fp16,128,128,1,1,40,5,3609.0067,3756.6050799999994,3856.429842,3862.9802741999997,3863.7081,0.85,0.67,3625.8844474999996,4.86,2.68,3.7599999999999993,35.2825473,3360.0,640.0,29360128000.0,2684354560.0,81.88774,49.95149,5120.0,60.10211250000001,70.81181010655463,0.84,2.0471934999999997,7388.3350576964485,0.015993699218749997
swapadvisor,generation,mixtral-8x7b,fp16,128,128,1,1,40,5,4791.08145,4963.858295,5251.523811,5381.676401100002,5396.1378,0.8692,0.686,4798.345525,4.86,2.68,3.7599999999999993,26.681525399999998,3360.0,640.0,29360128000.0,2684354560.0,105.75865,64.51278,5120.0,73.88529250000003,94.86380432507315,0.84,2.64396625,12667.457654801063,0.020655986328125
swapadvisor,generation,vit-h14,fp16,128,128,1,1,40,5,1115.291,1147.955515,1199.0785740000001,1225.9663674000005,1228.9539,0.8086,0.6355,1118.10872,4.86,2.68,3.7599999999999993,114.43973475,3360.0,640.0,29360128000.0,2684354560.0,30.71282,18.73481,5120.0,16.11060250000001,20.190155097231163,0.84,0.7678205,856.3432932654999,0.00599859765625
swapadvisor,scoring,gpt-j-6b,fp16,128,0,1,1,40,5,120.49795,127.83484,130.343515,130.3686115,130.3714,0.8176,0.643,121.35711,4.86,2.68,3.7599999999999993,8.254663325,3360.0,640.0,29360128000.0,2684354560.0,10.37544,6.329,40.0,1.9480824999999993,2.2840798737675523,0.84,0.259386,31.2554812587,0.259386
swapadvisor,scoring,llama3-8b,fp16,128,0,1,1,40,5,148.0015,152.16581,152.72231299999999,152.9691713,152.9966,0.8236000000000001,0.648,148.42248,4.86,2.68,3.7599999999999993,6.7461033,3360.0,640.0,29360128000.0,2684354560.0,10.92633,6.66514,40.0,1.7444950000000028,2.3100448161237073,0.84,0.27315825,40.427830737375,0.27315825
swapadvisor,scoring,llama4-17b,fp16,128,0,1,1,40,5,258.4728,269.05967499999997,270.510374,270.7397174,270.7652,0.85,0.67,259.680065,4.86,2.68,3.7599999999999993,3.844924625,3360.0,640.0,29360128000.0,2684354560.0,13.20682,8.05615,40.0,3.3100349999999947,4.206479787244905,0.84,0.33017050000000003,85.34009361240001,0.33017050000000003
swapadvisor,scoring,mixtral-8x7b,fp16,128,0,1,1,40,5,346.8455,366.01791000000003,372.825099,373.0061799,373.0263,0.8692,0.686,351.036005,4.86,2.68,3.7599999999999993,2.8625821250000003,3360.0,640.0,29360128000.0,2684354560.0,15.02913,9.16778,40.0,4.222447500000001,5.352371891857854,0.84,0.37572825,130.319652735375,0.37572825
swapadvisor,scoring,vit-h14,fp16,128,0,1,1,40,5,81.777,84.56258,86.753755,86.7837655,86.7871,0.8086,0.6355,81.959005,4.86,2.68,3.7599999999999993,12.203824000000001,3360.0,640.0,29360128000.0,2684354560.0,9.57504,5.84079,40.0,0.9874499999999987,1.2751200186649088,0.84,0.23937599999999998,19.575451152,0.23937599999999998
swapadvisor,ttft,gpt-j-6b,fp16,128,1,1,1,40,5,320.8962,328.876145,334.440295,336.9111595,337.1857,0.8176,0.643,320.12212,4.86,2.68,3.7599999999999993,3.1115616,3360.0,640.0,29360128000.0,2684354560.0,14.45697,8.81875,40.0,4.614125,5.879793458574883,0.84,0.36142425,115.97966841285,0.36142425
swapadvisor,ttft,llama3-8b,fp16,128,1,1,1,40,5,388.1945,401.57845499999996,407.770538,408.8992838,409.0247,0.8236000000000001,0.648,391.2377875,4.86,2.68,3.7599999999999993,2.56431465,3360.0,640.0,29360128000.0,2684354560.0,15.855269999999999,9.671710000000001,40.0,4.519707499999997,5.325004408237611,0.84,0.39638175,153.87321525037498,0.39638175
swapadvisor,ttft,llama4-17b,fp16,128,1,1,1,40,5,694.96205,717.006945,736.334928,738.9480528,739.2384,0.85,0.67,697.65084,4.86,2.68,3.7599999999999993,1.43761255,3360.0,640.0,29360128000.0,2684354560.0,22.08813,13.47375,40.0,11.762162500000006,14.636367547610652,0.84,0.55220325,383.7603026366625,0.55220325
swapadvisor,ttft,mixtral-8x7b,fp16,128,1,1,1,40,5,922.2801,954.4458649999999,990.312534,996.6935034000002,997.4025,0.8692,0.686,926.7339325,4.86,2.68,3.7599999999999993,1.08176095,3360.0,640.0,29360128000.0,2684354560.0,26.7568,16.32167,40.0,14.814155,17.317767593312944,0.84,0.66892,616.9316044919999,0.66892
swapadvisor,ttft,vit-h14,fp16,128,1,1,1,40,5,217.90335,228.45991999999998,235.635381,235.73088810000002,235.7415,0.8086,0.6355,219.60584,4.86,2.68,3.7599999999999993,4.575511575,3360.0,640.0,29360128000.0,2684354560.0,12.362260000000001,7.54096,40.0,2.817872499999999,3.517891091726689,0.84,0.3090565,67.344446689275,0.3090565
vllm,continuation,gpt-j-6b,fp16,128,1,1,1,40,5,23.17405,24.05407,24.657736,24.8534536,24.8752,0.9526,0.748,23.2573,5.55,3.1,2.5,42.986539825,3600.0,400.0,29360128000.0,2684354560.0,8.8617,5.40566,40.0,0.3100649999999998,0.3955274560634188,0.9,0.22154250000000003,5.134036972125001,0.22154250000000003
vllm,continuation,llama3-8b,fp16,128,1,1,1,40,5,28.116799999999998,29.135445,29.984711,30.151471100000006,30.17,0.9586,0.753,28.229194999999997,5.55,3.1,2.5,35.4085032,3600.0,400.0,29360128000.0,2684354560.0,8.96909,5.47116,40.0,0.38880500000000007,0.49784020428245834,0.9,0.22422725,6.304552742799999,0.22422725
vllm,continuation,llama4-17b,fp16,128,1,1,1,40,5,49.707049999999995,51.58166,51.727272,51.7852572,51.7917,0.985,0.775,49.9759575,5.55,3.1,2.5,20.040118825,3600.0,400.0,29360128000.0,2684354560.0,9.43622,5.7561,40.0,0.6774924999999998,0.8317803494613226,0.9,0.23590550000000002,11.726166483775,0.23590550000000002
vllm,continuation,mixtral-8x7b,fp16,128,1,1,1,40,5,65.51775,67.925375,69.546829,70.28003290000001,70.3615,1.0042,0.791,65.6246175,5.55,3.1,2.5,15.215445775000001,3600.0,400.0,29360128000.0,2684354560.0,9.77749,5.96425,40.0,1.035555000000002,1.308900162732057,0.9,0.24443725,16.0149786361875,0.24443725
vllm,continuation,vit-h14,fp16,128,1,1,1,40,5,15.5273,16.025075,16.135292,16.186959199999997,16.1927,0.9436,0.7405,15.541464999999999,5.55,3.1,2.5,64.28132595,3600.0,400.0,29360128000.0,2684354560.0,8.69549,5.30426,40.0,0.23020749999999998,0.29869160642709724,0.9,0.21738724999999998,3.3754370469249997,0.21738724999999998
vllm,generation,gpt-j-6b,fp16,128,128,1,1,40,5,1376.3366999999998,1408.4881300000002,1418.317396,1421.0002995999998,1421.2984,0.9526,0.748,1369.1165150000002,5.55,3.1,2.5,93.06519405,3600.0,400.0,29360128000.0,2684354560.0,38.02007,23.19224,5120.0,18.84036999999999,24.16480716119,0.9,0.9505017499999999,1308.2104419392247,0.007425794921874999
vllm,generation,llama3-8b,fp16,128,128,1,1,40,5,1680.7804999999998,1747.81056,1815.510965,1850.4939065000008,1854.3809,0.9586,0.753,1681.5043875,5.55,3.1,2.5,76.03297045000001,3600.0,400.0,29360128000.0,2684354560.0,44.67387,27.25105,5120.0,24.631984999999997,33.36931318116239,0.9,1.11684675,1877.174238888375,0.008725365234375
vllm,generation,llama4-17b,fp16,128,128,1,1,40,5,2939.91455,3021.4451849999996,3194.948121,3233.0056821000007,3237.2343,0.985,0.775,2945.09744,5.55,3.1,2.5,43.393682150000004,3600.0,400.0,29360128000.0,2684354560.0,71.9865,43.91173,5120.0,43.820290000000014,54.31623350508575,0.9,1.7996625000000002,5290.853968839376,0.014059863281250001
vllm,generation,mixtral-8x7b,fp16,128,128,1,1,40,5,3918.6490999999996,4054.2697449999996,4097.031977000001,4103.9556977,4104.725,1.0042,0.791,3919.6192199999996,5.55,3.1,2.5,32.563393274999996,3600.0,400.0,29360128000.0,2684354560.0,93.13661,56.81335,5120.0,59.31823499999997,74.90391317702965,0.9,2.32841525,9124.242323838775,0.018190744140625
vllm,generation,vit-h14,fp16,128,128,1,1,40,5,915.49455,952.35166,958.8836289999999,961.2279229,961.4884,0.9436,0.7405,921.9435649999999,5.55,3.1,2.5,139.41479575,3600.0,400.0,29360128000.0,2684354560.0,28.1607,17.17804,5120.0,13.202297499999991,16.75384104827158,0.9,0.7040175,644.5241843546249,0.00550013671875
vllm,scoring,gpt-j-6b,fp16,128,0,1,1,40,5,98.96244999999999,103.83149499999999,105.90327599999999,106.61987760000002,106.6995,0.9526,0.748,99.314825,5.55,3.1,2.5,10.056390725,3600.0,400.0,29360128000.0,2684354560.0,10.50502,6.40804,40.0,1.2686000000000015,1.6625525346586807,0.9,0.2626255,25.990062912474997,0.2626255
vllm,scoring,llama3-8b,fp16,128,0,1,1,40,5,121.53375,127.252205,127.821179,128.0752679,128.1035,0.9586,0.753,121.92304750000001,5.55,3.1,2.5,8.2107542,3600.0,400.0,29360128000.0,2684354560.0,10.98673,6.70189,40.0,1.679000000000001,2.1466974836944317,0.9,0.27466825,33.3814624284375,0.27466825
vllm,scoring,llama4-17b,fp16,128,0,1,1,40,5,216.5879,227.35722,231.31600799999998,233.34226080000002,233.5674,0.985,0.775,216.513515,5.55,3.1,2.5,4.609416275,3600.0,400.0,29360128000.0,2684354560.0,13.04119,7.95516,40.0,3.2674700000000008,4.2686591271733105,0.9,0.32602975,70.614098890025,0.32602975
vllm,scoring,mixtral-8x7b,fp16,128,0,1,1,40,5,287.49275,294.923345,299.378053,301.37780530000003,301.6,1.0042,0.791,286.9595675,5.55,3.1,2.5,3.482303325,3600.0,400.0,29360128000.0,2684354560.0,14.55345,8.87756,40.0,4.358440000000003,5.41329242527134,0.9,0.36383624999999997,104.6002840621875,0.36383624999999997
vllm,scoring,vit-h14,fp16,128,0,1,1,40,5,66.8189,69.53123000000001,70.503874,70.9473274,70.9966,0.9436,0.7405,66.707955,5.55,3.1,2.5,14.923391075000001,3600.0,400.0,29360128000.0,2684354560.0,9.80533,5.98123,40.0,0.9323049999999993,1.1353358280702657,0.9,0.24513325,16.379534118425,0.24513325
vllm,ttft,gpt-j-6b,fp16,128,1,1,1,40,5,264.0573,277.81577,284.868273,285.3243273,285.375,0.9526,0.748,266.2415375,5.55,3.1,2.5,3.7692099249999997,3600.0,400.0,29360128000.0,2684354560.0,14.08275,8.59042,40.0,3.308247499999998,4.152955417801879,0.9,0.35206875000000004,92.96632353937501,0.35206875000000004
vllm,ttft,llama3-8b,fp16,128,1,1,1,40,5,319.85355000000004,325.53020999999995,333.08218,336.3036580000001,336.6616,0.9586,0.753,321.43379500000003,5.55,3.1,2.5,3.127645425,3600.0,400.0,29360128000.0,2684354560.0,15.25485,9.305439999999999,40.0,5.100375000000002,6.173909467752182,0.9,0.38137125,121.98294818043752,0.38137125
vllm,ttft,llama4-17b,fp16,128,1,1,1,40,5,565.8950500000001,587.39587,598.197992,604.2412292000001,604.9127,0.985,0.775,566.61791,5.55,3.1,2.5,1.76684415,3600.0,400.0,29360128000.0,2684354560.0,20.56812,12.546570000000001,40.0,8.058124999999993,10.15302564002474,0.9,0.514203,290.98493239515,0.514203
vllm,ttft,mixtral-8x7b,fp16,128,1,1,1,40,5,748.98095,778.881755,810.533277,818.6433777000001,819.5445,1.0042,0.791,756.4,5.55,3.1,2.5,1.32745975,3600.0,400.0,29360128000.0,2684354560.0,24.60847,15.01114,40.0,10.048347499999986,12.675393886157924,0.9,0.6152117500000001,460.78188096616253,0.6152117500000001
vllm,ttft,vit-h14,fp16,128,1,1,1,40,5,177.9974,186.19227999999998,186.81098400000002,186.95292840000002,186.9687,0.9436,0.7405,178.0887325,5.55,3.1,2.5,5.604266375,3600.0,400.0,29360128000.0,2684354560.0,12.20916,7.44758,40.0,2.274212500000003,3.0467265173050926,0.9,0.30522900000000003,54.3299684046,0.30522900000000003
